0.3235505882352941,
0.9956462352941172,0.3015152941176471,
0.999972941176471,0.9943502352941175,0.9998117647058828,0.9999952941176473,0.27962117647058826,
0.9992047058823537,0.9961517647058823,0.9997176470588236,0.9997082352941176,0.9997835294117645,0.9852941176470589,0.9632470588235296,0.29411764705882354,
0.9926470588235284,0.9929529411764705,0.9999529411764707,0.9855294117647058,0.9849176470588237,0.9849647058823532,0.9929411764705883,0.970729411764706,0.9856235294117647,0.8971529411764708,0.7352941176470589,
0.9998564705882353,0.9999741176470587,0.9853411764705884,0.9705882352941178,0.9999529411764707,0.9999529411764707,0.9996705882352943,0.9995764705882355,0.9850588235294119,0.9998588235294119,0.970635294117647,0.9853411764705884,0.9998588235294118,0.9999764705882351,0.9411529411764706,0.8823529411764706,0.8381411764705883,
0.9926470588235293,0.9962235294117645,0.9997647058823532,0.9850588235294119,0.9778823529411766,0.9852705882352942,0.9850823529411762,0.9999529411764707,0.19112941176470588,
0.998898235294118,0.9971470588235295,0.9852705882352942,0.9999058823529413,0.9937058823529414,0.9997411764705882,0.9952941176470588,0.9999529411764707,0.9926352941176471,0.9999529411764705,0.9853882352941176,0.911764705882353,0.4411764705882353,
0.9926941176470586,0.9998705882352935,0.9998870588235294,0.9998541176470588,0.9852705882352939,0.9852941176470589,0.9417835294117647,0.23524705882352942,
0.9998588235294118,0.997603411764706,0.9850823529411764,0.9851764705882353,0.9926564705882354,0.9998588235294119,0.981129411764706,0.9926117647058825,0.9851764705882352,0.9852000000000001,0.9998117647058824,0.9999529411764707,0.9852941176470589,0.9708705882352943,0.9850823529411764,0.970635294117647,0.9899764705882355,
0.999789294117647,0.9933702352941174,0.9999764705882354,0.9897882352941179,0.9998588235294119,0.9997411764705882,0.9973388235294118,0.9925647058823531,0.9999529411764707,0.9926823529411766,0.9700000000000001,0.9558823529411765,0.970494117647059,0.6027294117647058,
0.9999976470588238,0.9926705882352941,0.9998588235294116,0.9999529411764709,0.9926329411764707,0.9998588235294118,0.9999529411764707,0.9852705882352941,0.9852941176470589,0.9997411764705886,0.9999529411764705,0.9852000000000001,
0.9999882352941177,0.9970917647058823,0.9927294117647061,0.9852705882352941,0.9853176470588233,0.970635294117647,0.9999764705882352,0.999929411764706,0.9985882352941178,0.08818823529411765,
0.9962511764705885,0.9999388235294117,0.9999529411764705,0.9999011764705884,0.9999482352941177,0.9999529411764704,0.9853129411764705,0.9999294117647061,0.9997176470588236,0.9190329411764708,0.14705882352941177,
0.9999294117647052,0.9953727058823525,0.9999529411764707,0.9999529411764707,0.9999764705882354,0.9998070588235295,0.9999764705882354,0.9853364705882353,0.9999529411764707,0.9998352941176473,0.9853647058823531,0.8235764705882354,
0.9999764705882352,0.9985595294117644,0.999929411764706,0.9852941176470589,0.9926564705882354,0.9999529411764705,0.9999529411764705,0.9999529411764707,0.9926352941176472,0.9852705882352941,0.6837811764705884,
0.9892778823529417,0.9926470588235294,0.9793882352941178,0.9853882352941177,0.9995294117647061,0.99268,0.9851764705882352,0.9999529411764707,0.9850117647058824,0.9925858823529413,0.992023529411765,0.16171764705882352,
0.985341176470587,0.9926588235294107,0.9998588235294121,0.662,
0.9999999999999988,0.999847058823529,0.9851529411764708,0.9925294117647061,0.38225882352941176,
0.9999882352941165,0.999882352941176,0.9999905882352941,0.9999905882352941,0.985289411764706,0.9705882352941178,0.9705882352941178,0.9705882352941178,0.9999529411764707,0.9999764705882352,0.9999529411764707,0.9999529411764707,0.9999764705882354,0.8823529411764706,0.8823529411764706,0.3087764705882353,
0.9959423529411761,0.9999388235294119,0.9999435294117647,0.9999388235294117,0.9999011764705883,0.9997411764705882,0.9999529411764707,0.9996800000000001,0.8862305882352942,
0.9967529411764702,0.991929411764706,0.9838588235294118,0.9838588235294118,0.9780000000000001,0.9999764705882354,0.9894588235294118,0.983764705882353,0.9985176470588236,0.9999529411764707,0.9999529411764707,0.983764705882353,0.9984235294117647,0.9838588235294118,0.9469882352941177,0.8823529411764706,
0.9999999999999999,0.9998964705882348,0.9867122352941178,0.9927011764705882,0.9852658823529413,0.9852423529411766,0.970564705882353,0.8823529411764706,0.8823529411764706,0.8823529411764706,0.8823529411764706,0.8823529411764706,0.9705411764705882,0.8823529411764706,0.8823529411764706,0.8823529411764706,0.8823529411764706,0.8823529411764706,0.8823529411764706,0.9409882352941177,
0.9978498823529417,0.9999694117647064,0.9854352941176471,0.999915294117647,0.9998070588235295,0.99236,0.9337835294117647,0.29411764705882354,
1.0,0.9999976470588235,0.9999952941176471,0.9853835294117648,0.9852470588235296,0.9926352941176472,0.9852000000000001,0.970635294117647,0.9484470588235294,0.9705411764705882,0.9558823529411765,0.9558823529411765,0.7395294117647059,
0.9997647058823526,0.9959176470588231,0.9999764705882352,0.9854352941176471,0.9847764705882354,0.9997882352941174,0.9996470588235294,0.9996000000000002,0.9999529411764705,0.881764705882353,0.23524705882352942,
0.9961764705882351,0.995470588235294,0.9855294117647059,0.9997176470588238,0.9924000000000003,0.999929411764706,0.9982823529411766,0.9852000000000001,0.9849411764705882,0.3220470588235294,
0.9928235294117641,0.999434117647059,0.9856235294117647,0.9899529411764708,0.9986823529411767,0.9927058823529413,0.9999482352941177,0.6823505882352942,
0.9998805882352947,0.999989176470588,0.9924621176470587,0.9925858823529411,0.9880588235294119,0.9998400000000003,0.8661929411764706,
0.9999623529411769,0.9985517647058821,0.9928211764705882,0.9929152941176471,0.9927294117647061,0.9926117647058824,0.9984682352941177,0.9824,0.9924870588235295,0.8809176470588236,
0.9995209411764718,0.9994588235294117,0.9912082352941174,0.9886117647058826,0.9959035294117649,0.9926517647058826,0.9765882352941178,0.9411764705882354,0.22058823529411764,
0.9974290588235296,0.9965282352941176,0.9927011764705882,0.9926329411764707,0.9852470588235294,0.9926329411764707,0.9852941176470589,0.9852941176470589,0.9705882352941178,0.9855058823529413,0.911764705882353,0.8972705882352942,0.9121882352941177,0.8898117647058824,0.8898117647058824,0.9044705882352941,0.8529176470588234,
0.9964282352941178,0.9998211764705879,0.998609411764706,0.9928211764705882,0.9927976470588236,0.9983764705882355,0.9997882352941176,0.978,0.9884188235294119,0.999929411764706,0.9999529411764707,0.998329411764706,0.2617411764705882,
0.9992562352941179,0.9926941176470585,0.9999529411764707,0.9928211764705883,0.9999058823529413,0.985444705882353,0.9854117647058822,0.9778800000000002,0.9765176470588237,0.7867058823529413,
0.9997999999999997,0.9997999999999997,0.9924447058823529,0.9998117647058823,0.9757411764705881,0.9998117647058823,0.9409882352941176,0.9409882352941176,0.9409882352941176,0.9409882352941176,0.9409882352941176,0.9409882352941176,0.9409882352941176,0.9409882352941176,0.8233647058823529,
0.9999999999999988,0.9999999999999996,0.8649882352941182,
0.9999317647058834,0.9955247058823532,0.9999623529411764,0.9999388235294117,0.9999717647058824,0.20435058823529414,
1.0,0.9999999999999999,0.9852941176470589,0.9985411764705884,0.9962800000000002,0.9962800000000002,0.9962800000000002,0.9416000000000001,0.8823529411764706,0.8823529411764706,0.8823529411764706,0.8823529411764706,0.8823529411764706,0.8823529411764706,0.8823529411764706,0.8823529411764706,0.7970352941176471,
0.9947623529411771,0.987411764705883,0.9960941176470591,0.977317647058824,0.9943764705882354,0.9960941176470592,0.9906352941176476,0.15910588235294118,
0.9962941176470587,0.9985764705882353,0.9964235294117648,0.9964235294117648,0.9964235294117648,0.9964235294117648,0.9995294117647061,0.9706588235294118,0.9964235294117648,0.9774117647058823,0.9731058823529412,0.9705882352941178,0.9588705882352941,0.9202823529411766,
0.9965388235294115,0.9998470588235294,0.9853176470588236,0.9853176470588236,0.9853364705882354,0.9927741176470591,0.9926117647058825,0.9854117647058825,0.9854352941176471,0.9853623529411767,0.9852000000000001,0.990094117647059,0.9853882352941177,0.8823529411764706,0.14705882352941177,
0.9978728235294123,0.9999976470588235,0.9928211764705882,0.9854352941176471,0.9911976470588238,0.9852941176470589,0.9780000000000001,0.9962800000000002,0.9852941176470589,0.9852941176470589,0.9948941176470588,0.9842823529411766,0.9852941176470589,0.26329411764705885,
0.9998567058823533,0.9985265882352945,0.9987270588235295,0.9813176470588236,0.9821647058823532,0.9780000000000001,0.9884470588235295,0.9982352941176472,0.9842823529411766,0.9828470588235295,0.372164705882353,
0.9965529411764709,0.9963529411764704,0.9925176470588236,0.987244705882353,0.985435294117647,0.9926776470588234,0.9852000000000001,0.9928211764705883,0.9999717647058823,0.996374117647059,0.9732235294117648,0.976564705882353,0.5087764705882354,
0.9992662352941175,0.9994850588235298,0.9941176470588237,0.9998964705882353,0.985524705882353,0.985524705882353,0.9928188235294118,0.9853858823529412,0.9928682352941177,0.9888188235294119,0.999981176470588,0.4145129411764707,
0.9998884705882357,0.9993491764705884,0.9999435294117647,0.999911764705882,0.9912654117647057,0.9985835294117646,0.9910282352941178,0.9984941176470589,0.9955529411764708,0.8102447058823524,0.8823529411764706,
0.9999882352941177,0.9999999999999999,0.9926329411764707,0.9852470588235294,0.9911529411764706,0.99268,0.9926329411764707,0.9852470588235296,0.9999058823529413,0.9881882352941177,0.9822352941176471,0.7852235294117649,
0.9963717647058826,0.9926682352941177,0.9969600000000001,0.9999011764705883,0.9956376470588235,0.9926588235294118,0.9884376470588233,0.9858705882352942,0.9940941176470589,0.9999952941176471,0.15439294117647062,
0.997845882352942,0.9998470588235291,0.9986117647058824,0.9926117647058823,0.998635294117647,0.993974117647059,0.9991764705882353,0.9925129411764707,0.8897788235294117,
0.9996214117647061,0.9971467058823529,0.9853411764705884,0.9852470588235296,0.9999976470588235,0.9876188235294121,0.9969176470588237,0.986729411764706,0.8773623529411767,0.39696470588235294,
0.9997035294117645,0.9995105882352936,0.986729411764706,0.9887976470588234,0.9999294117647061,0.9805882352941179,0.9926329411764707,0.9969411764705884,0.9899058823529413,0.19997647058823528,
0.9955505882352936,0.9999858823529414,0.99851294117647,0.9987247058823527,0.9881882352941177,0.9927011764705882,0.9970917647058822,0.998550588235294,0.9953717647058825,0.9776682352941178,0.777858823529412,
0.9999835294117649,0.9999976470588235,0.9999905882352941,1.0,0.9999011764705883,0.9927223529411764,0.9999858823529411,0.9939247058823527,0.9822776470588238,0.5294117647058825,
0.9985454117647055,0.9999741176470589,0.992538823529412,0.9984658823529412,0.9999058823529416,0.29409411764705884,
0.9999952941176473,0.9993058823529412,0.9985176470588236,0.9986023529411764,0.9987129411764708,0.9939952941176471,0.9793411764705884,0.9955505882352943,0.6764470588235295,
0.9962823529411766,0.9999976470588235,0.9926352941176473,0.9999529411764707,0.9926352941176471,0.9999529411764707,0.9779764705882353,0.9999929411764708,0.9999529411764707,0.9866823529411766,0.9720000000000003,0.8969647058823531,0.23524705882352942,
0.9999976470588235,0.9926470588235294,0.9852941176470589,0.9838588235294121,0.9999529411764707,0.9926352941176472,0.9853411764705884,0.9838588235294118,0.9925858823529413,0.9851764705882353,0.992588235294118,0.18381176470588234,
0.9992654117647061,0.9999999999999996,0.9881821176470589,0.9999529411764707,0.9927011764705882,0.9867270588235295,0.9955764705882353,0.9999529411764707,0.9853411764705884,0.9998117647058825,0.9850588235294119,0.6617176470588236,
0.9992562352941179,0.9926705882352937,0.9810352941176471,0.9926800000000002,0.9926329411764707,0.9852941176470589,0.99268,0.9955764705882353,0.9940000000000001,0.988188235294118,0.9839529411764706,0.05145647058823529,
0.9999158823529417,0.9941640000000002,0.999943529411765,0.9927529411764706,0.9928658823529414,0.9999529411764707,0.9893176470588235,0.9881882352941177,0.9940470588235295,0.34628235294117654,
0.9927058823529413,0.9999976470588235,0.9985600000000001,0.9999529411764707,0.9852941176470589,0.9824235294117648,0.9838588235294118,0.9838588235294118,0.988164705882353,0.9793411764705884,0.985058823529412,0.998564705882353,0.8870117647058825,0.29411764705882354,
0.9955832941176477,0.9985623529411758,0.9999905882352941,0.9999011764705883,0.9780000000000001,0.9986117647058824,0.9809882352941177,0.9852000000000001,0.9997176470588236,0.9983764705882356,0.8794823529411765,0.4411764705882353,
0.9993791764705884,0.9972896470588238,0.985524705882353,0.9928682352941177,0.9708235294117648,0.9708235294117648,0.9708235294117648,0.9708235294117648,0.9708235294117648,0.9705882352941178,0.9853176470588237,0.9708235294117648,0.9708235294117648,0.9707529411764706,0.9708235294117648,0.9854117647058825,0.9854117647058825,0.9940000000000001,0.9896705882352942,0.9705882352941178,0.9708235294117648,0.029411764705882356,
0.9963452941176474,0.9926917647058818,0.9999058823529412,0.9868235294117648,0.9853882352941177,0.9926800000000003,0.9879529411764708,0.9998117647058824,0.8786588235294119,
0.9926470588235294,0.9926470588235294,0.9851058823529414,0.9994117647058826,0.9996470588235294,0.9999529411764707,0.9999764705882352,0.9794352941176472,0.985435294117647,0.9999529411764707,0.9866352941176472,0.9939058823529413,0.9792470588235298,0.9997647058823531,0.9411764705882354,
0.9964705882352942,0.9964682352941175,0.9927058823529412,0.9999952941176471,0.9852847058823528,0.9750564705882354,0.970635294117647,0.9941411764705883,0.9927058823529412,0.9766117647058823,0.992729411764706,0.9999529411764707,0.985058823529412,0.9734352941176472,0.9927058823529412,0.9544470588235294,0.22058823529411764,
0.9971052941176468,0.9963341176470589,0.9852705882352942,0.9999529411764708,0.9850588235294119,0.9939058823529412,0.9705882352941178,0.3529411764705883,
0.9999952941176473,0.9999999999999999,0.9705882352941179,0.9705882352941178,0.9852941176470589,0.9705882352941178,0.9705882352941178,0.9705882352941178,0.9999058823529414,0.9910352941176473,0.9998823529411767,0.9117647058823531,0.8823529411764706,0.5882352941176471,
0.9999341176470596,0.9958741176470594,0.9919129411764702,0.999750588235294,0.9997082352941176,0.9997082352941176,0.9852,0.9905105882352943,0.8088235294117647,
0.999996470588235,0.9999764705882352,0.9868063529411765,0.9927058823529413,0.9983717647058825,0.9857388235294119,0.9939764705882355,0.9705835294117648,0.5882352941176471,
0.9995035294117646,0.9997176470588233,0.9997176470588236,0.9998541176470591,0.9919505882352943,0.9998117647058825,0.985058823529412,0.9852000000000001,0.9998117647058825,0.9932917647058823,0.9939058823529413,0.9894823529411765,0.9853623529411767,0.8675717647058825,0.23524705882352942,
0.9959941176470591,0.9999882352941172,0.9999952941176471,0.9852847058823528,0.9919976470588235,0.9940941176470589,0.9955764705882353,0.9955764705882353,0.9884,0.9997176470588236,0.9965764705882355,0.9852941176470589,0.8234823529411767,
0.9999035294117646,0.9998470588235292,0.9708235294117649,0.9705882352941178,0.9999764705882352,1.0,0.9853176470588235,0.9853882352941177,0.9999529411764705,0.9792470588235296,0.9881882352941177,0.9997176470588236,0.9866588235294119,0.6911529411764706,
0.9933882352941176,0.9999976470588235,0.9999905882352941,0.9942117647058825,0.9853364705882353,0.9999764705882352,0.9985835294117646,0.99856,0.9999529411764707,0.9940000000000001,0.985058823529412,0.9939294117647061,0.999929411764706,0.9925576470588238,0.06613411764705883,
0.9999911764705883,0.9964352941176471,0.9999905882352941,0.9971717647058824,0.9957364705882353,0.985058823529412,0.9997411764705884,0.9792423529411766,0.58084,
0.9955797647058827,0.9999952941176471,0.9913788235294119,0.9999952941176471,0.9999905882352941,0.992795294117647,0.9867764705882354,0.9997176470588236,0.9997600000000002,0.986465882352941,0.9999247058823528,0.66176,
0.9963305882352933,0.9963623529411765,0.9853600000000002,0.9984658823529412,0.9925176470588237,0.9807976470588236,0.9925764705882355,0.9852658823529413,0.985294117647059,0.933809411764706,0.29411764705882354,
0.9985218823529416,0.9926705882352937,0.9999435294117647,0.9997600000000002,0.9926564705882354,0.9999764705882356,0.99856,0.9999058823529413,0.9850588235294119,0.9938258823529412,0.9852941176470589,0.9864635294117649,0.23228235294117644,
0.9997577647058828,0.9927349411764708,0.9881411764705884,0.9998823529411764,0.9955741176470589,0.9913411764705883,0.985058823529412,0.9939058823529413,0.9967435294117651,0.9881882352941177,0.9940682352941177,0.8382070588235294,
0.9999964705882357,0.9999999999999999,0.9942416470588236,0.9998776470588235,0.9999529411764705,0.9928211764705882,0.9999482352941177,0.9999058823529413,0.9836705882352943,0.999835294117647,0.9720164705882354,0.5176470588235295,
0.9965180000000008,0.9930000000000002,0.9971294117647062,0.9970823529411765,0.9928211764705883,0.99736,0.9957882352941176,0.99268,0.9998117647058825,0.9926329411764707,0.9955905882352942,0.9324211764705884,0.7352941176470589,
0.9999764705882354,0.9963358823529416,0.9942588235294119,0.9999011764705883,0.9853411764705884,0.9999717647058823,0.9851529411764707,0.9791741176470591,0.9911764705882351,0.9851811764705882,0.7606588235294118,0.29411764705882354,
0.9934245882352944,0.9999764705882351,0.9926329411764707,1.0,0.9999529411764707,0.979364705882353,0.9986094117647059,0.9852941176470589,0.9837623529411765,0.9997176470588236,0.9734352941176472,0.970635294117647,0.9881411764705883,0.9028705882352942,0.529364705882353,
0.9998758823529413,0.9970494117647054,0.9927223529411764,0.9999152941176472,0.9999529411764707,0.9954258823529413,0.8382047058823531,
0.9997247058823531,0.9997082352941176,0.9999623529411759,0.9853035294117647,0.9865035294117642,0.9997929411764703,0.9867176470588235,0.976670588235294,0.9855294117647059,0.9268,0.9854352941176471,0.8668235294117648,0.14705882352941177,
0.9998117647058821,0.9997388235294118,0.9849176470588237,0.9998117647058825,0.999623529411765,0.9849647058823531,0.9923505882352942,0.9849647058823531,0.9938305882352944,0.5218564705882353,
0.9999999999999996,0.9999999999999999,0.9940941176470589,0.9949411764705884,0.9949411764705884,0.9955764705882353,0.9925858823529413,0.9955764705882353,0.9352705882352942,0.9558823529411765,0.8823529411764706,0.8823529411764706,0.9556470588235296,0.9703058823529412,0.9703058823529412,0.926329411764706,0.8823529411764706,0.16171764705882352,
0.9985265882352947,0.9999976470588233,0.9926329411764708,0.970635294117647,0.970635294117647,0.970635294117647,0.9941411764705883,0.9939058823529413,0.9997176470588236,0.9718352941176471,0.9571764705882353,0.8823529411764706,0.13974117647058823,
0.9999999999999996,0.9999976470588235,0.9999952941176471,0.9949411764705884,0.9826823529411766,0.9705882352941178,0.970635294117647,0.970635294117647,0.9853176470588236,0.9884705882352941,0.987105882352941,0.9561176470588235,0.9824705882352941,0.47061176470588234,
0.9997882352941173,0.9926682352941175,0.9999529411764707,0.9852470588235296,0.9853411764705884,0.9998117647058824,0.9882352941176471,0.9787764705882354,0.999938823529412,0.7131270588235294,
0.9985195294117652,0.9999999999999996,0.9943011764705882,0.9853882352941177,0.9999764705882352,0.9853411764705884,0.9985035294117649,0.9953858823529413,0.9997176470588236,0.9997364705882354,0.9909811764705885,0.9838352941176471,0.029411764705882356,
0.9998541176470589,0.9997835294117647,0.9948188235294118,0.9998588235294118,0.9998776470588235,0.9998776470588235,0.9704658823529412,0.955764705882353,0.955764705882353,0.955764705882353,0.955764705882353,0.955764705882353,0.9515764705882354,0.9986588235294117,0.955764705882353,0.9984235294117647,0.955764705882353,0.955764705882353,0.9691058823529413,0.9927058823529412,0.955764705882353,0.955764705882353,0.9852000000000001,0.9556470588235296,0.9719764705882353,0.9853176470588236,0.955764705882353,0.955764705882353,0.9603058823529412,0.7352941176470589,
0.9999999999999996,0.9998341176470587,0.9985851764705881,0.9986983529411763,0.9999529411764707,0.9998588235294119,0.9926282352941177,0.9876211764705883,0.9897576470588235,0.99976,0.9997176470588236,0.9939058823529412,0.9661976470588234,0.9852000000000001,
0.9962676470588228,0.992684705882353,0.9998964705882353,0.99976,0.9997176470588236,0.9999247058823528,0.9881270588235295,0.61028,
0.9999976470588239,0.996409411764706,0.9999952941176471,0.997929411764706,0.9707058823529411,0.9838588235294118,0.9691058823529413,0.9703058823529412,0.9573176470588236,0.974964705882353,0.5205882352941177,
0.9985030588235299,0.9975411764705885,0.9985647058823529,0.9928188235294118,0.9852941176470589,0.9985176470588236,0.9986117647058824,0.9852000000000001,0.9984235294117648,0.9997176470588236,0.9955764705882354,0.6822117647058824,
0.9999976470588235,0.9999835294117646,0.9942588235294119,0.9853317647058824,0.9999905882352941,0.9852941176470589,0.9853411764705884,0.9999058823529413,0.9997176470588236,0.9939058823529413,0.9895058823529411,0.9793411764705882,0.6456235294117648,
0.9992521176470595,0.9925858823529413,0.9987270588235295,0.970635294117647,0.9851764705882353,0.9780000000000001,0.999929411764706,0.9822823529411766,0.9997176470588236,0.9866823529411766,0.9735764705882354,0.911764705882353,0.14705882352941177,
0.9998447058823533,0.9921176470588233,0.9774117647058825,0.9906823529411766,0.9906823529411766,0.994235294117647,0.9925647058823529,0.9921176470588237,0.9921176470588237,0.9848941176470589,0.9996470588235296,0.9776470588235294,0.9984235294117648,0.9984235294117647,0.9911529411764706,0.9937411764705882,0.9469176470588236,0.4558352941176471,
0.9999976470588238,0.9919294117647054,0.9971623529411765,0.9853882352941177,0.970635294117647,0.9705882352941178,0.9985176470588236,0.9997647058823531,0.9998117647058824,0.8911529411764708,0.8823529411764706,0.14705882352941177,
0.9999764705882352,0.9999905882352942,0.9970117647058822,0.9928,0.9853129411764705,0.9853176470588235,0.9970823529411765,0.9984894117647061,0.9997600000000002,0.9846352941176473,0.9892000000000001,0.4411764705882353,
0.9999999999999999,0.9926470588235294,0.9558823529411765,0.9558823529411765,0.9426588235294118,0.9426588235294118,0.9426588235294118,0.9426588235294118,0.9426588235294118,0.9852000000000001,0.9426588235294118,0.9426588235294118,0.9412235294117647,0.8823529411764706,0.8823529411764706,0.8823529411764706,0.8823529411764706,0.8823529411764706,0.8823529411764706,0.8823529411764706,0.8823529411764706,0.8823529411764706,
0.9999999999999999,0.9999999999999999,0.9926329411764707,0.9999952941176471,0.9852941176470589,0.9852941176470589,0.9941411764705883,0.9852941176470589,0.970635294117647,0.9853411764705884,0.9558823529411765,0.9973882352941177,0.9268,0.9561176470588235,0.9414588235294117,0.9753882352941176,0.8576470588235294,0.29411764705882354,
0.9999999999999988,0.9984329411764701,0.9779529411764709,0.9997176470588236,0.9997176470588236,0.9735764705882354,0.5431058823529412,
0.9999388235294104,0.9926964705882352,0.9851341176470589,0.985058823529412,0.970494117647059,0.8823529411764706,0.14705882352941177,
0.9926470588235294,0.9926470588235294,0.9852941176470589,0.9852941176470589,0.9852941176470589,0.9852941176470589,0.9852941176470589,0.9748752941176472,0.9558823529411765,0.9558823529411765,0.9371294117647059,0.9558823529411765,0.8203058823529412,
1.0,0.9999999999999999,0.9705882352941179,0.9706352941176473,0.9853411764705885,0.985294117647059,0.9939058823529413,0.9997176470588236,0.9939058823529412,0.9792941176470589,0.4882823529411765,
0.9992591764705888,0.9999976470588235,0.9999952941176471,1.0,0.9853364705882353,0.9852941176470589,0.986870588235294,0.9999529411764707,0.9997176470588236,0.9719764705882353,0.9850588235294119,0.9360470588235296,0.8970117647058824,0.5882352941176471,
0.9985265882352946,0.9926235294117646,0.994094117647059,0.9705882352941178,0.9853176470588235,0.970635294117647,0.970635294117647,0.9999764705882357,0.9489411764705883,0.9558823529411765,0.9412235294117647,0.4411764705882353,
0.9999999999999999,0.9999999999999999,0.9708705882352942,0.9706823529411768,0.9852941176470589,0.9927529411764706,0.970635294117647,0.970635294117647,0.9705882352941178,0.9852941176470589,0.970635294117647,0.9720705882352942,0.9871529411764707,0.911764705882353,0.7059764705882352,
0.9970084705882356,0.9921647058823531,0.992164705882353,0.9923294117647057,0.9852470588235294,0.9996705882352942,0.992164705882353,0.9921176470588237,0.9996705882352942,0.9999764705882352,0.9997411764705884,0.9852000000000001,0.9882823529411764,0.9249388235294118,0.5882352941176471,
0.9999976470588235,0.9999764705882352,0.985294117647059,0.9852941176470589,0.970635294117647,0.9853882352941177,0.9852941176470589,0.9852941176470589,0.9999058823529413,0.9955764705882353,0.9997176470588236,0.9866352941176472,0.9881882352941177,0.9999529411764707,0.9558823529411765,0.5147058823529412,
0.9999999999999998,0.9999952941176471,0.9999905882352941,0.9986541176470588,0.9781176470588235,0.9853882352941177,0.9926352941176472,0.9852941176470589,0.9854352941176471,0.9898117647058825,0.9705882352941178,0.988,0.986635294117647,0.9750352941176472,0.8971058823529412,
0.9999999999999999,0.9999999999999999,0.9971985882352941,0.9956894117647059,0.970635294117647,0.9706352941176473,0.9852941176470589,0.9838588235294118,0.9984705882352943,0.9850588235294119,0.9852941176470589,0.9838588235294118,0.9940941176470589,0.9881882352941177,0.7882117647058824,
0.9992738823529416,0.9971411764705882,0.9853199999999999,0.9853176470588235,0.9999952941176471,0.99268,0.9838588235294118,0.9999529411764707,0.9833176470588235,0.9980705882352942,0.8793882352941177,0.4411764705882353,
0.9984447058823528,0.9999976470588235,0.9999764705882354,0.998564705882353,0.9999435294117647,0.9999858823529411,0.9986588235294117,0.99268,0.9999952941176471,0.9471058823529411,0.9766588235294118,0.9473411764705882,0.9824235294117649,0.9473411764705882,0.9703764705882356,0.4117176470588236,
0.9984460000000007,0.9999905882352942,0.99856,0.9957129411764705,0.9838588235294118,0.9852470588235294,0.9853129411764706,0.99268,0.9707764705882352,0.9707764705882356,0.9842588235294121,0.9849882352941179,0.9116941176470588,0.29411764705882354,
0.9970631764705874,0.9926705882352931,0.9908705882352945,0.994023529411765,0.9852235294117649,0.8821623529411766,0.4411764705882353,
0.9992780000000011,0.994113411764706,0.9999905882352941,0.9940941176470589,0.9999576470588234,0.9999670588235294,0.9999529411764707,0.9999529411764707,0.985435294117647,0.9558117647058825,0.8823529411764706,0.926329411764706,0.9409882352941178,0.9409882352941178,0.9409882352941177,0.9116705882352942,0.8823529411764706,0.7499529411764706,
0.9926658823529415,0.9999976470588235,0.9999952941176471,0.997129411764706,0.9999952941176471,0.9986117647058824,0.9544470588235294,0.9986588235294117,0.9558823529411765,0.9941411764705883,0.9705411764705882,0.9426588235294118,0.9426588235294118,0.9999529411764707,0.911694117647059,0.8823529411764706,0.7352941176470589,
0.9978025882352939,0.9942470588235294,0.999929411764706,0.9985176470588236,0.9970352941176472,0.999929411764706,0.9954564705882355,0.941129411764706,
0.9992968235294121,0.9963217647058826,0.9999952941176472,0.970635294117647,0.9853411764705884,0.9852941176470589,0.9705882352941179,0.9768,0.9720235294117648,0.3675294117647059,
0.9903414117647064,0.9853176470588236,0.9706352941176474,1.0,0.9852941176470589,0.9705882352941178,0.9999764705882352,0.9985176470588236,0.9852000000000001,0.9997176470588236,0.9721176470588236,0.9703529411764708,0.8823529411764706,0.8823529411764706,
0.997080235294118,0.9999976470588235,0.9971247058823534,0.9853411764705884,0.9999952941176471,0.9853364705882353,0.9999905882352941,0.9853882352941177,0.9999011764705883,0.9997176470588236,0.9954776470588236,0.9925623529411766,
1.0,0.9999976470588231,0.994089411764706,0.9705882352941178,0.9705882352941178,0.9853411764705884,0.9779529411764706,0.9719764705882353,0.9997882352941176,0.9852470588235296,0.9896235294117649,0.9484705882352942,0.8823529411764706,0.14705882352941177,
0.999774352941177,0.9927176470588233,0.9999764705882354,0.9970117647058825,0.9882305882352942,0.9852658823529412,0.9998117647058825,0.9997176470588236,0.994070588235294,0.9835764705882355,0.9588705882352941,0.5586588235294119,
0.9932608235294116,0.9927388235294116,0.9784705882352944,0.9999529411764707,0.9852941176470589,0.9927529411764706,0.9853882352941177,0.9852705882352942,0.9852941176470589,0.9851529411764708,0.9850352941176472,0.9424000000000002,0.9999529411764707,0.9668705882352941,0.9703764705882354,0.38225882352941176,
0.9961400000000001,0.9988658823529409,0.9926282352941177,0.9970070588235295,0.99976,0.9902470588235295,0.9998352941176473,0.94096,0.14705882352941177,
0.9968214117647056,0.9969999999999999,0.9999529411764707,0.9854776470588233,0.9999529411764707,0.9985411764705884,0.9983058823529413,0.9997176470588236,0.995364705882353,0.9702588235294121,0.9705176470588236,0.6175764705882354,
0.9909985882352944,0.9926470588235294,0.985435294117647,0.9852470588235296,0.970635294117647,0.9999764705882352,0.9853176470588235,0.9708235294117646,0.9853411764705884,0.9998117647058824,0.9939058823529413,0.9830352941176469,0.8704235294117648,0.4411764705882353,
0.9998399999999996,0.9925176470588235,0.9999764705882354,0.9852235294117648,0.9852235294117647,0.999929411764706,0.9706117647058825,0.9852000000000001,0.9997882352941179,0.9999529411764707,0.988094117647059,0.9969647058823531,0.9997882352941179,0.7351764705882353,
0.9961735294117651,0.9999976470588233,0.9999952941176472,0.9999952941176471,0.9852941176470589,0.970635294117647,0.9838117647058825,0.9852941176470589,0.9852941176470589,0.9766117647058825,0.9955764705882353,0.9997176470588238,0.955764705882353,0.07668235294117648,
0.9989547058823534,0.9971294117647059,0.9999905882352941,0.9853129411764706,0.9823623529411765,0.9998329411764709,0.9997647058823531,0.9852941176470588,0.9903482352941178,0.9557176470588238,0.29414117647058824,
0.9982856470588243,0.9970352941176468,0.9999717647058824,0.999924705882353,0.9882117647058825,0.9852235294117648,0.9939058823529413,0.9881882352941177,0.9955764705882353,0.979129411764706,0.7636682352941178,
0.9961819999999995,0.9923999999999993,0.999788235294118,0.985058823529412,0.9852470588235296,0.9999294117647061,0.9999529411764707,0.9765176470588234,0.9898352941176468,0.9998588235294119,0.7793176470588236,
0.9968117647058823,0.9923294117647049,0.9851529411764708,0.9852470588235296,0.9997647058823531,0.9850117647058825,0.9881411764705884,0.9999529411764707,0.9999058823529413,0.6763058823529414,
0.9941764705882358,0.9941176470588228,0.9868235294117648,0.9853411764705884,0.989835294117647,0.985058823529412,0.9718352941176472,0.9940000000000001,0.985129411764706,0.9439764705882353,0.2352,
0.999594823529412,0.9997176470588233,0.9999058823529413,0.9867592941176471,0.9705882352941178,0.985129411764706,0.9705882352941178,0.9853411764705884,0.9851529411764708,0.9999058823529413,0.9939058823529413,0.9983294117647059,0.9791529411764708,0.9850588235294121,0.970564705882353,0.4117176470588236,
0.998488941176471,0.9963635294117638,0.9940941176470589,0.9853411764705884,0.9853882352941177,0.985364705882353,0.9797176470588235,0.9855294117647059,0.9732470588235297,0.9851764705882355,0.999788235294118,0.3675764705882353,
0.9999941176470595,0.9999976470588235,0.9999905882352945,0.9926329411764707,0.9999952941176471,0.9999529411764705,0.9998117647058825,0.9940000000000002,0.9940235294117649,0.9556941176470589,0.650564705882353,
0.9963758823529413,0.9926564705882349,0.985355294117647,0.9955764705882354,0.9998494117647059,0.8381364705882354,
0.9999603529411771,0.9992917647058825,0.998717176470588,0.9940228235294117,0.9997176470588236,0.9924941176470589,0.9944611764705882,0.9409600000000001,0.9853176470588236,0.9705411764705885,0.07352941176470588,
0.9992903529411756,0.9993397647058825,0.9999717647058829,0.9853364705882353,0.9853364705882353,0.970635294117647,0.9927529411764706,0.9940000000000001,0.9939058823529412,0.973529411764706,0.985529411764706,0.9999764705882354,0.9673882352941178,
0.998550117647058,0.9927388235294118,0.9999952941176472,0.9853411764705884,0.9854352941176471,0.9853411764705884,0.9705882352941178,0.9939058823529412,0.982258823529412,0.9999058823529413,0.9852705882352942,0.9704941176470588,0.49997647058823536,
0.9926705882352931,0.9926658823529404,0.9929364705882354,0.9999905882352941,0.9897600000000001,0.9986964705882353,0.985524705882353,0.9977129411764704,0.9910823529411765,0.9926564705882355,0.8968823529411764,
0.9992850588235288,0.9985265882352947,0.9926329411764709,0.9852941176470589,0.9839529411764707,0.9999529411764708,0.9850588235294119,0.9999717647058824,0.9851058823529414,0.985294117647059,0.9998823529411764,0.808658823529412,
0.9999999999999988,0.9991629411764703,0.9986564705882354,0.9999811764705884,0.9986400000000002,0.9895458823529414,0.9792470588235295,0.9896470588235295,0.9999670588235297,0.999924705882353,0.8895764705882355,0.8234823529411766,
0.9999999999999988,0.9971484705882353,0.9856235294117647,0.9856235294117647,0.9856235294117647,0.9997835294117648,0.9994117647058826,0.9938588235294119,0.9927011764705882,0.9976470588235293,0.9938776470588235,0.9854117647058822,0.9850352941176472,0.9792470588235295,0.9954823529411765,0.9338564705882354,0.9851764705882353,0.8676941176470588,0.5882352941176471,
0.9999999999999988,0.9955844705882355,0.9999952941176471,0.9854541176470589,0.9854117647058824,0.9855058823529412,0.9854541176470588,0.9854117647058824,0.9854023529411764,0.9854117647058824,0.9855529411764705,0.9854117647058824,0.9883058823529413,0.98536,0.9999764705882354,0.9853176470588236,0.9854117647058824,0.9956188235294117,0.9954211764705883,0.9881811764705882,0.9892470588235295,0.885404705882353,0.29411764705882354,
0.9999974117647056,0.9962558823529414,0.9928705882352942,0.9853364705882354,0.9853223529411768,0.985058823529412,0.9940400000000001,0.9998823529411767,0.9802211764705886,0.9558823529411765,0.9558823529411765,0.2646588235294118,
0.9948048235294112,0.999858823529412,0.9983952941176469,0.9899011764705882,0.99856,0.9998588235294116,0.9940000000000001,0.9792470588235295,0.9940705882352942,0.9707058823529411,0.9851764705882355,0.9744235294117647,0.9313882352941176,0.14705882352941177,
0.999997647058823,0.9926470588235294,0.9852941176470589,0.9852941176470589,0.9851058823529414,0.9986117647058824,0.9853411764705884,0.9852941176470589,0.9867011764705883,0.9852941176470589,0.9707764705882352,0.985294117647059,0.9999764705882354,0.998164705882353,0.9411529411764706,0.8823529411764706,0.8971764705882352,0.912,0.4411764705882353,
0.9999141176470592,0.9999999999999999,0.9999294117647058,0.9924317647058822,0.9999717647058823,0.9851764705882351,0.9852470588235296,0.9705882352941178,0.9705882352941178,0.9852941176470589,0.9834588235294117,0.9673411764705883,0.982164705882353,0.9999764705882352,0.4411764705882353,
0.9926682352941164,0.9999999999999996,0.9999764705882352,0.9999764705882352,0.9999764705882352,0.9984941176470586,0.9928188235294118,0.9852941176470589,0.9838588235294118,0.9999764705882352,0.9986117647058824,0.9852941176470589,0.9853411764705884,0.9999529411764707,0.9558352941176471,0.9784235294117648,0.9690352941176472,0.4411764705882353,
0.9999999999999988,0.9999999999999993,0.986764,0.9999952941176471,0.9999764705882352,0.9999764705882352,0.9999529411764705,0.9999482352941178,0.997058823529412,0.9926329411764707,0.9853411764705884,0.9705882352941178,0.9705882352941178,0.978564705882353,0.9705882352941178,0.9265882352941176,0.7352941176470589,
0.9999999999999988,0.9926705882352943,0.9984141176470587,0.9955952941176471,0.9985835294117646,0.9838588235294118,0.9853411764705884,0.9852941176470589,0.9852470588235296,0.985435294117647,0.9870117647058825,0.9987529411764704,0.9326352941176471,0.9558823529411765,0.8823529411764706,0.7352941176470589,
0.9999999999999988,0.9999999999999988,0.9999905882352941,0.9999529411764705,0.9999435294117646,0.9999529411764705,0.9999529411764705,0.9985411764705883,0.9943529411764706,0.9985835294117646,0.9999764705882352,0.985435294117647,0.99856,0.9986117647058824,0.9926329411764707,0.9997176470588236,0.9805411764705885,0.9967529411764706,0.9852705882352941,0.6911294117647059,
0.9926705882352931,0.9999999999999988,0.9852894117647063,0.9867435294117648,0.9870258823529411,0.9926352941176472,0.9956376470588237,0.9838588235294118,0.9928000000000001,0.9853411764705884,0.986729411764706,0.9997882352941179,0.9926117647058823,0.9830352941176472,0.982164705882353,0.9852941176470589,0.9853411764705884,0.14705882352941177,
0.9999999999999988,0.9999999999999988,0.9999952941176473,0.9999764705882352,0.9979689411764703,0.9920894117647058,0.9956470588235293,0.9971058823529413,0.999694117647059,0.9852941176470589,0.9924235294117648,0.9852941176470589,0.9986117647058824,0.9986117647058824,0.9998117647058824,0.9790352941176471,0.9708000000000001,0.9999529411764707,0.9852941176470589,0.955835294117647,
0.9992903529411756,0.9999999999999988,0.9999905882352945,0.9926329411764709,0.9999764705882352,0.9999764705882352,0.9999529411764707,0.970635294117647,0.9837176470588237,0.9722588235294118,0.9927529411764706,0.970635294117647,0.970635294117647,0.9838588235294118,0.9852941176470589,0.9852470588235296,0.9998117647058825,0.9767529411764707,0.9998823529411764,0.9117176470588235,0.5882352941176471,
0.9978151764705875,0.9999999999999988,0.992470588235294,0.9998776470588234,0.9999905882352941,0.9999952941176469,0.9970352941176472,0.998550588235294,0.9927529411764706,0.9999764705882352,0.9999294117647058,0.9913835294117649,0.9992964705882353,0.9999058823529413,0.9860258823529412,0.9955317647058823,0.9999764705882354,0.9999529411764707,0.8823529411764706,0.8823529411764706,0.41811764705882354,
0.994875411764705,0.9999999999999988,0.9860258823529416,0.9926329411764712,0.9926352941176473,0.9852941176470589,0.9852941176470589,0.9999529411764705,0.9999529411764705,0.9911529411764706,0.9852941176470589,0.9852941176470589,0.9976494117647058,0.9933482352941178,0.9780000000000001,0.9839058823529413,0.9705882352941178,0.9835529411764706,0.9850588235294119,0.9852941176470589,0.989294117647059,0.9838588235294118,0.5375058823529412,
0.9999999999999988,0.9999999999999988,0.9941087058823531,0.9999905882352945,0.9909811764705885,0.9999905882352941,0.9999529411764705,0.9984658823529409,0.9942117647058824,0.99856,0.9927764705882353,0.9992305882352941,0.9999952941176471,0.9999011764705883,0.9990188235294118,0.9915058823529413,0.9865317647058824,0.9521882352941177,0.8823529411764706,0.14705882352941177,
0.9999999999999988,0.9999999999999988,0.9896990588235297,0.9999858823529411,0.9999952941176471,0.9999905882352941,0.9999529411764705,0.9853599999999999,0.9928188235294118,0.970635294117647,0.976564705882353,0.9928470588235294,0.9765647058823529,0.9836705882352943,0.9953882352941177,0.9954352941176471,0.9735764705882354,0.8823529411764706,0.29411764705882354,
0.997812823529411,0.9999999999999988,0.9999905882352942,0.9998776470588234,0.9923529411764705,0.992630588235294,0.9982117647058822,0.9911482352941176,0.9926352941176471,0.9927529411764706,0.9984000000000001,0.9985176470588236,0.99856,0.9998588235294119,0.999835294117647,0.9966117647058825,0.9837317647058816,0.8823529411764706,0.14705882352941177,
0.9999999999999988,0.9999999999999988,0.9896990588235297,0.9999670588235295,0.9925999999999998,0.9853788235294116,0.9998776470588234,0.9998964705882352,0.9999952941176471,0.9854588235294117,0.9999952941176471,0.999924705882353,0.9997600000000002,0.9966305882352943,0.9861270588235294,0.9986517647058823,0.3370682352941176,
0.9999999999999988,0.9999999999999988,0.9926388235294119,0.9999905882352941,0.9999717647058823,0.9999529411764705,0.9999529411764705,0.9956235294117648,0.9854117647058822,0.9926588235294116,0.99856,0.9984235294117648,0.9950305882352942,0.9924141176470588,0.9968941176470589,0.9662729411764704,0.8823529411764706,0.29411764705882354,
0.9999999999999988,0.9999999999999988,0.9911689411764708,0.9999905882352944,0.9853129411764705,0.9984188235294115,0.9942305882352941,0.9919623529411765,1.0,0.9993270588235296,0.9853176470588235,0.9919623529411765,0.9967482352941177,0.9998117647058824,0.9892423529411766,0.9770258823529412,0.9833882352941178,0.975764705882353,0.2205882352941176,
0.9999999999999988,0.9999999999999988,0.9856682352941182,0.9852941176470593,0.9852941176470589,0.9852941176470589,0.9852941176470589,0.9927058823529412,0.9780000000000001,0.9853411764705884,0.9708705882352942,0.9855294117647059,0.9888470588235294,0.9888470588235294,0.9888470588235294,0.9739529411764707,0.9732235294117647,0.9973176470588236,0.4852470588235295,
0.9999999999999988,0.9999999999999988,0.9926329411764712,0.9999905882352945,0.9999952941176474,0.9927011764705885,0.9854117647058827,0.9853882352941179,0.9997176470588236,0.9997176470588236,0.9997176470588236,0.9897600000000002,0.9782800000000003,0.9743764705882354,0.5422588235294118,
0.9999999999999988,0.9999999999999988,0.9999905882352945,0.9999717647058819,0.9999905882352941,0.9999905882352941,0.9999952941176471,0.9927247058823527,0.9927011764705882,0.9853270588235294,0.9998117647058825,0.9997176470588236,0.9982964705882356,0.9551011764705882,0.8823529411764706,0.29411764705882354,
0.9999999999999988,0.9999999999999996,0.9999717647058823,0.9926329411764707,0.9999905882352941,0.9852705882352941,0.9780000000000001,0.9705882352941178,0.9852705882352941,0.9852941176470589,0.9853411764705884,0.9890352941176472,0.985058823529412,0.9997176470588236,0.9889411764705884,0.9720705882352941,0.9411764705882354,
0.9999999999999988,0.9999999999999988,0.9999952941176472,0.9926329411764707,0.9999905882352941,0.9999905882352941,0.9852941176470589,0.9853882352941177,0.9780000000000001,0.9852941176470589,0.9780000000000002,0.9838117647058825,0.985058823529412,0.985058823529412,0.9703058823529412,0.9668705882352944,0.9905411764705883,0.9999529411764707,0.8676235294117648,
0.9999999999999988,0.9999999999999991,0.9999952941176472,0.9927011764705882,0.9853882352941179,0.9997176470588236,0.9998117647058824,0.9997176470588236,0.9997176470588236,0.9942541176470585,0.9999388235294119,0.9573223529411765,0.8558588235294118,0.14705882352941177,
0.9978151764705875,0.9999952941176473,0.9999905882352941,0.9999905882352941,0.9854070588235295,0.985435294117647,0.9853176470588236,0.9854305882352941,0.9999905882352941,0.9998117647058825,0.99976,0.9997176470588236,0.9997176470588236,0.999750588235294,0.9998211764705882,0.9636188235294116,0.9480705882352943,0.14705882352941177,
0.9999999999999988,1.0,0.9999952941176471,0.9999905882352941,0.9853411764705884,0.9927011764705882,0.9999952941176471,0.9853364705882353,0.9927011764705882,0.985435294117647,0.9928188235294118,0.9999717647058821,0.999844705882353,0.9866070588235292,0.9705411764705882,0.9705411764705882,0.9866352941176472,0.9997882352941176,0.975835294117647,0.9558823529411765,0.9558823529411765,0.22058823529411764,
0.9999999999999988,0.9999999999999988,0.9999905882352941,0.9999905882352941,0.9999905882352941,0.9942228235294118,0.9928705882352942,0.9868094117647059,0.9999952941176471,0.9938329411764706,0.9927529411764706,0.991364705882353,0.9986117647058825,0.9997176470588236,0.9931976470588237,0.999981176470588,0.9411764705882354,0.8970117647058824,
0.9999999999999988,0.9999999999999988,0.9993508235294117,0.9999929411764701,0.9882291764705882,0.9999905882352941,0.9879952941176471,0.9879952941176471,0.9927011764705882,0.9854541176470589,0.9999952941176471,0.9732000000000001,0.9997176470588236,0.971529411764706,0.9732941176470589,0.9436,0.7352941176470589,
0.9999999999999988,0.9999999999999988,0.9882352941176472,0.9999952941176471,0.9956470588235297,0.9971058823529413,0.9942682352941177,0.9970117647058827,0.9997176470588236,0.9781882352941177,0.9852941176470589,0.911764705882353,0.8823529411764706,0.7352941176470589,
0.9999999999999988,0.9999999999999988,0.9999905882352946,0.9853129411764704,0.9999905882352942,0.9927011764705884,0.9855058823529412,0.9998117647058825,0.9997176470588236,0.9998588235294119,0.9979647058823531,0.9894588235294115,0.9978329411764708,0.9484870588235296,0.8234823529411766,0.23524705882352942,
0.9999999999999988,0.9999999999999988,0.9999905882352941,0.9999623529411761,0.9926329411764707,0.9999905882352944,1.0,0.9999905882352941,0.9853835294117648,0.9854541176470588,0.9998964705882353,0.999294117647059,0.995894117647059,0.9741647058823529,0.9705411764705882,0.9740705882352941,0.9447529411764706,0.9002352941176469,0.29411764705882354,
0.9999999999999988,0.9999999999999988,0.9999882352941176,0.9926435294117645,0.9999905882352941,0.9864211764705884,0.9868941176470589,0.9853364705882353,0.9927011764705882,0.985435294117647,0.9972470588235295,0.9822588235294117,0.9997176470588236,0.9910588235294119,0.996515294117647,0.911764705882353,0.6028941176470589,
0.9999999999999988,0.9999999999999988,0.9999882352941176,0.9999823529411768,0.9882291764705883,0.9999905882352941,0.9864211764705884,0.9926329411764707,0.9780000000000002,0.9853411764705884,0.9708470588235295,0.9780000000000001,0.9999058823529413,0.9997176470588236,0.9910588235294119,0.9777176470588236,0.8970117647058824,0.8823529411764706,0.8823529411764706,0.456,
0.9999999999999988,0.9999999999999988,0.9955785882352941,0.9999905882352946,0.9999858823529412,0.9999952941176471,0.9999952941176471,0.9999952941176471,0.9999764705882352,0.9999529411764705,0.9927011764705882,0.9854588235294117,0.9853176470588235,0.9740705882352941,0.985058823529412,0.9997176470588236,0.9924,0.9705411764705882,0.9705411764705882,0.29411764705882354,
0.9999999999999988,0.9999999999999988,0.9926329411764712,0.9999905882352941,0.9999905882352941,0.9705882352941178,0.9705882352941178,0.9705882352941178,0.9705882352941178,0.9705882352941178,0.9705882352941178,0.9705882352941178,0.9705882352941178,0.9705882352941178,0.9705882352941178,0.9705882352941178,0.988188235294118,0.8823529411764706,0.8823529411764706,0.5882352941176471,0.456,
0.9999999999999988,0.9999999999999988,0.9926329411764712,0.9926329411764712,0.9705882352941182,0.999858823529412,0.9926588235294124,0.9852941176470591,0.9924000000000003,0.9997176470588236,0.9996941176470591,0.9851529411764705,0.9823764705882354,0.6042823529411766,0.912,0.456,
0.9999999999999988,0.9999999999999988,0.9865663529411772,0.9922376470588236,0.9999623529411767,0.9927764705882353,0.9923505882352943,0.999830588235294,0.9878329411764708,0.9851505882352941,0.9853647058823529,0.7941411764705882,
0.9999999999999991,0.9929270588235298,0.9856235294117647,0.9856235294117647,0.9853882352941179,0.9854776470588233,0.9854352941176473,0.9855294117647059,0.9853411764705884,0.99976,0.9937647058823531,0.999915294117647,0.9740423529411764,0.9855999999999999,0.912,0.8823529411764706,0.8970117647058824,0.6028941176470589,
0.9999999999999988,0.9999905882352945,0.9999858823529411,0.9999576470588234,0.99856,0.99856,0.9928188235294118,0.9957411764705882,0.9986117647058824,0.99856,0.9986070588235294,0.9999294117647058,0.985355294117647,0.9887011764705882,0.9692658823529411,0.9703764705882353,0.29411764705882354,
0.9999999999999988,0.9999505882352936,0.9997176470588236,0.9998117647058824,0.9999905882352941,0.997129411764706,0.9957411764705882,0.9984235294117647,0.9999529411764707,0.9971764705882353,0.9972282352941177,0.9998541176470589,0.9985176470588236,0.986729411764706,0.988494117647059,0.9856047058823529,0.9882776470588233,0.029402352941176473,
0.9926682352941166,0.9999999999999988,0.9999905882352945,0.9999952941176471,0.9999952941176471,0.9999529411764705,0.9920658823529411,0.9854352941176471,0.9928705882352942,0.9999952941176471,0.9921176470588237,0.99856,0.9986117647058824,0.998564705882353,0.9984235294117648,0.9999529411764707,0.9854070588235293,0.9884658823529411,0.9855294117647059,0.987995294117647,0.9411670588235294,0.7421176470588235,0.912,
0.9999999999999988,0.9986400000000006,0.9869364705882354,0.992710588235294,0.9986305882352943,0.9938258823529411,0.9885835294117647,0.9999011764705882,0.985524705882353,0.99856,0.9852000000000001,
0.9926705882352931,0.9999999999999988,0.9999905882352945,0.9999905882352945,0.9999905882352941,0.9926329411764707,0.9999905882352941,0.9986117647058824,0.9928188235294118,0.9853411764705884,0.9999905882352941,0.9999905882352941,0.9853835294117648,0.998324705882353,0.9999529411764707,0.9940941176470589,0.9888235294117648,0.9556,0.8824000000000001,0.14705882352941177,
0.9999999999999988,0.9941404705882347,0.9914305882352942,0.9853364705882353,0.9913411764705883,0.9911764705882357,0.9947105882352939,0.9855058823529409,0.9996235294117646,0.9265317647058824,
0.9999976470588225,0.9928235294117647,0.985524705882353,0.9999764705882352,0.9999529411764705,0.9999529411764705,0.9853176470588235,0.9999764705882352,0.9999764705882352,0.9853176470588235,0.9999952941176471,0.9854117647058825,0.9854588235294118,0.9941411764705883,0.9941411764705883,0.9966917647058822,0.9853882352941177,0.9999858823529412,0.9999388235294117,0.9884705882352938,0.985595294117647,0.9765411764705882,0.8823529411764706,0.3823058823529412,
0.9970567058823522,0.9999999999999988,0.9999905882352945,0.9999905882352945,0.9853411764705884,0.9999764705882352,0.99856,0.9986117647058824,0.9857129411764707,0.9809882352941177,0.9852941176470589,0.9780000000000001,0.9927529411764706,0.970635294117647,0.9851764705882352,0.9999294117647058,0.9969647058823529,0.9838352941176473,0.9852941176470589,0.9915529411764706,0.9764470588235294,0.9851764705882352,0.6323058823529413,
0.9999999999999988,0.9999999999999988,0.9999905882352945,0.9926329411764712,0.985294117647059,0.9999529411764705,0.9999529411764705,0.9979529411764706,0.9929364705882354,0.9926564705882354,0.9929364705882354,0.9927058823529411,0.9972894117647061,0.9939058823529413,0.9940705882352942,0.994494117647059,0.9957152941176471,0.9997647058823531,0.9272423529411766,0.22058823529411764,
0.9999999999999988,0.9999999999999988,0.9999905882352945,0.9852894117647063,0.9705882352941182,0.9852941176470589,1.0,0.9999529411764705,0.9808941176470587,0.9985882352941177,0.9705882352941178,0.9927058823529412,0.9780000000000001,0.985435294117647,0.9984000000000002,0.9986117647058825,0.9841411764705883,0.9736705882352942,0.9765411764705882,0.9265882352941176,0.9707058823529411,
0.9999999999999988,0.9999999999999988,0.9999905882352945,0.9999905882352945,0.9854164705882356,0.9853176470588236,0.9999952941176471,0.9999764705882352,0.9999764705882352,0.9926117647058824,0.9999576470588236,0.9854164705882353,0.9928282352941177,0.9928282352941177,0.9928282352941177,0.9853882352941177,0.9926117647058824,0.9853411764705884,0.9809176470588236,0.9705882352941178,0.9997882352941176,0.9558823529411765,0.9863764705882354,0.5882352941176471,
0.9999999999999988,0.9999999999999988,0.9941087058823531,0.9999905882352945,0.9999905882352945,0.999929411764706,0.9982588235294114,0.9942588235294119,0.9927011764705882,0.9997835294117647,0.9988188235294119,0.9969176470588236,0.9854117647058824,0.9896658823529413,0.9910988235294117,0.9558823529411766,0.8823529411764706,0.14705882352941177,
0.9999999999999988,0.9999999999999988,0.9955785882352942,0.9999905882352945,0.9999905882352945,1.0,0.9853129411764705,0.999858823529412,0.9853176470588235,0.985435294117647,0.985364705882353,0.9855505882352942,0.9818800000000002,0.9852941176470589,0.7352705882352941,0.456,
0.999999999999999,0.9999999999999988,0.9852894117647063,0.9705882352941182,0.9705882352941182,0.9705882352941182,0.9705882352941179,0.9780000000000003,0.970588235294118,0.970588235294118,0.9705882352941182,0.9705882352941178,0.9117176470588236,0.14705882352941177,
0.9999999999999988,0.9999999999999988,0.9999905882352945,0.9999905882352945,0.9999905882352945,0.9999952941176471,0.985289411764706,0.9926329411764707,0.9705882352941178,0.9705882352941178,0.9705882352941178,0.9927058823529413,0.9852941176470589,0.9852941176470589,0.9852941176470591,0.9912000000000003,0.9708235294117648,0.4705882352941177,
0.9999999999999988,0.9999999999999988,0.9999858823529406,0.9955762352941173,1.0,0.9999905882352941,0.9999905882352941,0.9999905882352941,0.9927011764705882,0.978,0.9705882352941178,0.9705882352941178,0.9904000000000001,0.9999529411764707,0.23524705882352942,
0.9926705882352931,0.9999999999999988,0.9999905882352945,0.9999905882352945,0.9999905882352945,0.9853411764705887,0.9854117647058829,0.9999905882352942,0.9998541176470588,0.9339529411764705,0.8971764705882352,0.5882352941176471,
0.9999999999999988,0.9999999999999988,0.9985183529411764,0.9927435294117646,0.9927482352941177,0.9987058823529411,0.9987811764705881,0.9857411764705882,0.9855623529411764,0.9994258823529412,0.9850776470588235,0.9264423529411766,0.8823529411764706,0.8823529411764706,0.29411764705882354,
0.9999999999999988,0.9999999999999996,0.9999905882352941,0.9999905882352941,0.9927011764705882,0.9999952941176471,0.9853411764705884,0.9780000000000001,0.9705882352941178,0.9853411764705884,0.9794352941176472,0.9881882352941177,0.9797176470588235,0.9707764705882352,0.9707764705882354,0.9718117647058825,0.911764705882353,0.8823529411764706,0.8823529411764706,0.8823529411764706,0.29411764705882354,
0.9955844705882354,0.9999999999999999,0.9855294117647058,0.9853411764705885,0.9853411764705884,0.992795294117647,0.9853411764705884,0.9999905882352941,0.9941364705882353,0.9856235294117647,0.9925411764705884,0.9852611764705879,0.8823529411764706,0.8823529411764706,0.8823529411764706,0.7352941176470589,
0.9999894117647063,0.9999858823529412,0.9999952941176471,0.9898872941176468,0.9999858823529411,0.9854588235294117,0.9854870588235293,0.9999905882352941,0.9999952941176471,0.9855058823529413,0.9880000000000001,0.9939529411764704,0.9852941176470589,0.9964000000000001,0.9929411764705883,0.8682117647058823,
0.9941134117647062,0.9972329411764705,0.9999952941176471,0.9999952941176471,0.9999952941176471,0.9999952941176471,0.9855529411764705,0.9855247058823529,0.9941411764705883,0.9943764705882353,0.9968094117647051,0.9564376470588235,0.9411529411764706,0.8823529411764706,0.8823529411764706,0.8823529411764706,0.29411764705882354,
0.9977992941176471,0.996324705882353,0.9854352941176474,0.9999952941176471,0.9927011764705882,0.9854117647058825,0.9927529411764705,0.9853364705882353,0.9853882352941177,0.9943764705882353,0.9927058823529413,0.9927717647058825,0.9928847058823529,0.9999952941176471,0.9879247058823529,0.9411529411764706,0.14705882352941177,
0.9963429411764709,0.9926682352941172,0.9999952941176471,0.9999952941176471,0.9999952941176471,0.992795294117647,0.9853882352941177,0.9862305882352943,0.9910776470588237,0.9853788235294116,0.9879529411764706,0.9999247058823528,0.8823529411764706,
0.9963452941176472,0.9999976470588235,0.9927011764705882,0.9927011764705882,0.9999952941176471,0.992795294117647,0.9855247058823529,0.9999952941176471,0.9855529411764705,0.988395294117647,0.9965835294117646,0.9858117647058824,0.9411576470588233,0.8823529411764706,0.8823529411764706,0.8823529411764706,0.29411764705882354,
0.9962958823529414,0.9999529411764705,0.9927741176470588,0.9927011764705881,0.9999623529411763,0.9855670588235292,0.9855294117647059,0.9970258823529412,0.9889411764705884,0.9549176470588235,0.9464705882352942,0.9906352941176471,
0.9961876470588238,0.9961152941176472,0.9924658823529412,0.9999764705882354,0.9928,0.9853176470588235,0.992470588235294,0.9925129411764706,0.9998776470588235,0.9998776470588234,0.9706117647058824,0.9827529411764706,0.9799294117647062,0.9816705882352942,0.9851764705882352,0.8822117647058824,0.8823529411764706,0.7352941176470589,
0.9997931764705881,0.9993145882352943,0.9998541176470586,0.9880927058823527,0.9927529411764706,0.9970023529411765,0.9927247058823528,0.9684705882352942,0.9453411764705885,0.8823529411764706,0.8823529411764706,0.9116470588235295,0.8823529411764706,0.5882352941176471,
0.9962252941176473,0.9926776470588237,0.9999952941176471,0.9965176470588236,0.9927529411764706,0.999924705882353,0.9882352941176471,0.9855294117647058,0.9956941176470588,0.9728470588235297,0.987529411764706,0.8823529411764706,0.9558823529411765,0.8823529411764706,0.8823529411764706,0.8823529411764706,0.14705882352941177,
0.9968143529411767,0.9983999999999997,0.9999529411764707,0.9998117647058825,0.9854352941176471,0.9882541176470588,0.9998729411764706,0.9808423529411766,0.9999529411764707,0.9410352941176471,0.9558823529411765,0.9705411764705882,0.8823529411764706,0.456,
0.9926470588235294,0.9926470588235294,0.9780000000000001,0.9780000000000001,0.9780000000000001,0.9928682352941176,0.9780000000000001,0.9855458823529413,0.9780000000000001,0.9780000000000001,0.9780000000000001,0.9043976470588236,0.8823529411764706,0.8823529411764706,0.8823529411764706,0.8823529411764706,0.8971764705882352,0.8823529411764706,0.8823529411764706,0.7352941176470589,
0.9926470588235294,0.9926470588235294,0.9780000000000001,0.9780000000000001,0.9928682352941176,0.9780000000000001,0.978,0.9780000000000001,0.9853858823529412,0.9780000000000001,0.9780000000000001,0.9999717647058824,0.9852941176470589,0.9411529411764706,0.8823529411764706,0.8971764705882352,0.912,0.8823529411764706,0.8823529411764706,0.8971764705882352,0.5882352941176471,
0.9955844705882354,0.9891176470588229,0.9927529411764706,0.978,0.9855764705882355,0.9705882352941178,0.9782823529411764,0.9634352941176472,0.9515764705882354,0.9558823529411765,0.8823529411764706,0.9076235294117647,0.8823529411764706,0.5882352941176471,
0.9998000000000004,0.9930000000000002,0.9870305882352941,0.9676000000000001,0.9618823529411766,0.9663529411764706,0.9797176470588235,0.987105882352941,0.987105882352941,0.8868941176470588,0.8971764705882352,0.8823529411764706,0.8823529411764706,0.8823529411764706,0.8823529411764706,
0.9946247058823529,0.9781176470588235,0.9780000000000001,0.9780000000000001,0.9780000000000001,0.9780000000000001,0.9868941176470588,0.9707058823529411,0.9928235294117647,0.9780000000000001,0.9707058823529411,0.978,0.9722352941176471,0.9574823529411765,0.9414588235294117,0.987105882352941,0.9707764705882354,0.9558823529411765,0.9426588235294118,0.8825176470588234,0.8971764705882352,0.8823529411764706,
0.9985242352941179,0.9891764705882347,0.9708235294117648,0.9780000000000001,0.9708235294117648,0.9853411764705884,0.9927529411764706,0.987105882352941,0.9708705882352942,0.9797647058823529,0.9852941176470589,0.911929411764706,0.8676941176470588,0.8823529411764706,0.8823529411764706,0.8823529411764706,
0.9971679999999999,0.9994588235294122,0.9855623529411762,0.987105882352941,0.9868705882352942,0.9795694117647059,0.9558823529411765,0.959764705882353,0.5882352941176471,
0.9985292941176478,0.978,0.9780000000000001,0.9780000000000001,0.9868941176470588,0.9633411764705883,0.9633411764705883,0.9780000000000001,0.9780000000000001,0.9780000000000001,0.9426588235294118,0.9561176470588234,0.987105882352941,0.9561176470588235,0.9400235294117647,0.8823529411764706,0.8971764705882352,0.8823529411764706,0.8823529411764706,0.8823529411764706,0.14705882352941177,
0.9999999999999999,0.9999764705882352,0.9999529411764705,0.9855999999999999,0.9780000000000001,0.9999529411764705,0.9706823529411764,0.9412235294117647,0.9883058823529411,0.9414588235294117,0.8840235294117647,0.8971764705882352,0.8823529411764706,0.8823529411764706,0.8823529411764706,0.9705411764705882,0.14705882352941177,
0.9926564705882356,0.9926470588235294,0.9995294117647061,0.9774117647058825,0.9930588235294119,0.9998823529411767,0.9780000000000001,0.9852941176470589,0.9706352941176473,0.9996470588235296,0.9656000000000002,0.9867764705882353,0.9558823529411765,0.8823529411764706,0.8823529411764706,0.9116470588235295,0.8823529411764706,0.29411764705882354,
0.9926705882352941,0.9928352941176466,0.9928235294117649,0.99268,0.9782352941176471,0.9854117647058824,0.9796235294117648,0.9708705882352942,0.9884,0.9558823529411765,0.8823529411764706,0.8823529411764706,0.8823529411764706,0.14705882352941177,
0.9992850588235297,0.9994380000000005,0.995441176470588,0.9855294117647059,0.9927976470588236,0.987105882352941,0.989835294117647,0.9999529411764707,0.9264423529411766,0.8823529411764706,0.8676941176470588,0.14705882352941177,
0.9999841176470597,0.9999529411764705,0.9782352941176472,0.9927764705882354,0.9927529411764706,0.9780000000000001,0.9796705882352942,0.9842352941176471,0.986870588235294,0.9999717647058824,0.9999717647058824,0.9703058823529414,0.9700705882352944,0.9998588235294119,0.6764235294117648,
0.9985024705882353,0.9926329411764705,0.9926329411764707,0.9780000000000001,0.9928447058823529,0.9999717647058824,0.9796917647058824,0.987105882352941,0.9854352941176471,0.9925858823529413,0.9923505882352943,0.9996141176470591,0.9629576470588233,0.9558823529411765,0.8823529411764706,0.14705882352941177,
0.9955844705882354,0.9926470588235294,0.9926329411764708,0.9852941176470589,0.9780000000000001,0.9852941176470589,0.9780941176470589,0.9926329411764707,0.9926329411764707,0.9853411764705884,0.9956164705882354,0.9999717647058824,0.999623529411765,0.9850541176470589,0.9999717647058823,
0.9926564705882354,0.9963741176470587,0.9927529411764706,0.9926329411764707,0.9926329411764707,0.9911482352941178,0.9923505882352943,0.9921152941176473,0.9924211764705883,0.9705835294117648,
0.9957682352941174,0.9993835294117644,0.9925764705882355,0.9998258823529413,0.9995294117647059,0.9922800000000002,0.9999435294117647,0.9999529411764707,0.9925858823529413,0.9850305882352943,0.9705411764705882,0.9705411764705882,0.9996235294117648,0.9705411764705882,0.9998352941176472,0.8823529411764706,0.29411764705882354,
0.9999976470588235,0.9926470588235294,0.9825411764705887,0.9852941176470589,0.9852941176470589,0.978,0.9984470588235296,0.9851764705882353,0.9780000000000001,0.9705411764705882,0.999623529411765,0.9780000000000001,0.9705411764705882,0.8823529411764706,0.8823529411764706,0.4411764705882353,
0.9963223529411765,0.9933858823529413,0.9927011764705882,0.9927011764705882,0.985524705882353,0.9927011764705882,0.9780000000000001,0.9780000000000001,0.9426588235294118,0.9883058823529411,0.9707764705882352,0.9414588235294117,0.9558823529411765,0.8823529411764706,0.8823529411764706,0.8823529411764706,0.7352941176470589,
0.9999858823529414,0.9926988235294122,0.9929411764705881,0.9999435294117646,0.9927764705882353,0.9927270588235294,0.9780000000000001,0.9780000000000001,0.9999764705882352,0.9925858823529413,0.9925858823529413,0.9925858823529413,0.9780000000000001,0.9901623529411766,0.7793882352941176,
0.9962599999999999,0.9891400000000001,0.9852941176470589,0.9927529411764708,0.9930329411764708,0.9941600000000003,0.9781623529411765,0.987105882352941,0.9781623529411765,0.9985623529411766,0.9925764705882355,0.9998305882352946,0.8811058823529412,0.8823529411764706,
0.9999999999999996,0.9999999999999999,0.9999717647058824,0.9999952941176471,0.9999952941176471,0.9852941176470589,0.9852941176470589,0.9854117647058825,0.9928682352941176,0.9780000000000001,0.9780000000000001,0.9780000000000001,0.9780000000000001,0.9926329411764707,0.9852941176470589,0.9926329411764707,0.9705882352941178,0.9705882352941178,0.9853411764705884,0.9852941176470589,0.9852941176470589,0.9558823529411765,0.9558823529411765,0.9558823529411765,0.8823529411764706,0.8823529411764706,0.8823529411764706,0.14705882352941177,
0.9998917647058823,0.9963470588235291,0.9927858823529414,0.9926658823529415,0.987105882352941,0.987105882352941,0.9957858823529412,0.9999952941176471,0.9999529411764707,0.9926282352941177,0.9280470588235294,0.4411764705882353,
0.9999976470588235,0.9999976470588235,0.9972470588235294,0.9853129411764706,0.978,0.99268,0.9999717647058824,0.9985364705882354,0.9957647058823529,0.9854352941176471,0.9726588235294117,0.9999764705882352,0.9912000000000001,0.9191058823529412,0.8823529411764706,0.14705882352941177,
0.9963217647058826,0.9964576470588238,0.9853129411764706,0.9736211764705883,0.9927529411764706,0.9780000000000001,0.985435294117647,0.9780000000000001,0.9912000000000001,0.9928705882352942,0.9928705882352941,0.9928705882352942,0.9854352941176471,0.9897411764705883,0.9705411764705882,0.9583294117647059,0.9705411764705882,0.8823529411764706,0.9705411764705882,0.29411764705882354,
0.999805882352941,0.9927905882352936,0.9999717647058824,0.9873811764705884,0.9999952941176471,0.9929364705882352,0.9898541176470589,0.9926282352941177,0.9999952941176471,0.86776,0.8823529411764706,0.8823529411764706,0.5882352941176471,
0.9999976470588235,0.9999976470588235,0.999524705882353,0.999524705882353,0.9780000000000001,0.9928682352941177,0.9780000000000001,0.9780000000000001,0.9848235294117648,0.9996917647058826,0.9848235294117648,0.9848235294117648,0.9848235294117648,0.9651529411764707,0.9626823529411767,0.9922588235294117,0.9922588235294117,0.9922588235294117,0.9412235294117647,0.9558823529411765,0.9265882352941176,0.9558823529411765,0.8823529411764706,0.8823529411764706,0.8823529411764706,0.5882352941176471,
0.9926682352941177,0.992694117647059,0.9941741176470589,0.9928,0.9853176470588235,0.9927976470588236,0.9928941176470589,0.9780000000000001,0.9780000000000001,0.9707764705882354,0.9708470588235294,0.9927058823529413,0.9558823529411765,0.9558823529411765,0.9999764705882352,0.9633411764705883,0.8823529411764706,0.8823529411764706,0.8823529411764706,0.29411764705882354,
0.9999976470588235,0.9999952941176471,1.0,0.9942228235294118,0.9927011764705882,0.9853411764705884,0.9867623529411765,0.985289411764706,0.9706823529411767,0.9896235294117648,0.9999529411764707,0.8823529411764706,0.8823529411764706,0.8823529411764706,0.8823529411764706,0.7352941176470589,
0.9999999999999999,0.9999999999999999,0.9913882352941178,0.985289411764706,0.9941741176470589,0.985294117647059,0.9912705882352941,0.9838588235294118,0.9720705882352941,0.9661647058823529,0.9558823529411765,0.8823529411764706,0.8823529411764706,0.8823529411764706,0.8823529411764706,0.8823529411764706,0.14705882352941177,
0.9978151764705885,0.9928117647058823,0.9930588235294118,0.985289411764706,0.9941741176470589,0.9927529411764706,0.9705882352941178,0.9927529411764706,0.985435294117647,0.9897882352941177,0.999929411764706,0.9852000000000001,0.9558823529411765,0.8823529411764706,0.8823529411764706,0.8823529411764706,0.7352941176470589,
0.9985248235294119,0.9927152941176467,0.9884000000000001,0.9941741176470589,0.9927011764705882,0.9986117647058824,0.9985835294117646,0.9853411764705884,0.9928941176470589,0.9735058823529413,0.9705411764705882,0.9705411764705882,0.9558823529411765,0.8823529411764706,0.8823529411764706,0.4411764705882353,
0.9999976470588235,0.9948377647058823,0.9926823529411765,0.9999764705882352,0.9999529411764705,0.9985835294117646,0.9838352941176471,0.9706823529411766,0.9867529411764705,0.929435294117647,0.9558823529411765,0.9558823529411765,0.9558823529411765,0.9558823529411765,0.4411764705882353,
0.9948572941176472,0.9941223529411766,0.9941741176470589,0.9708235294117649,0.9854588235294117,0.9780000000000001,0.9780000000000001,0.9780000000000001,0.9780000000000001,0.9558823529411765,0.9558823529411765,0.9426588235294118,0.8823529411764706,0.8823529411764706,0.8823529411764706,0.8823529411764706,0.8823529411764706,0.8823529411764706,0.8823529411764706,0.8823529411764706,0.8823529411764706,0.7352941176470589,
0.9889535294117653,0.9998588235294115,0.9999529411764705,0.9999529411764705,0.9852470588235294,0.9999764705882356,0.9264470588235294,0.8823529411764706,0.8823529411764706,0.8823529411764706,0.8823529411764706,0.8823529411764706,0.8823529411764706,0.8823529411764706,0.5882352941176471,
0.9999858823529414,0.9956258823529414,0.9898729411764704,0.9970917647058819,0.9927435294117646,0.9927011764705882,0.985435294117647,0.9707764705882354,0.9708705882352942,0.9706823529411768,0.9705882352941178,0.8809176470588236,0.8823529411764706,0.8823529411764706,0.4411764705882353,
0.9992550588235295,0.9890564705882355,0.9852941176470589,0.9852941176470589,0.9852941176470589,0.9852941176470589,0.9853411764705884,0.9853411764705884,0.9926329411764707,0.9705882352941178,0.9705882352941178,0.9705882352941178,0.9852941176470589,0.9558823529411765,0.926564705882353,0.8823529411764706,0.8823529411764706,0.7352941176470589,
0.9970514117647058,0.9934705882352938,0.9999529411764705,0.9780000000000001,0.9986117647058824,0.9999270588235295,0.9983529411764707,0.9836941176470589,0.9925764705882355,0.9080941176470588,0.8823529411764706,0.8823529411764706,0.8823529411764706,0.8823529411764706,0.8823529411764706,0.29411764705882354,
0.9954221176470588,0.9958588235294117,0.9999529411764705,0.9956235294117647,0.9781176470588235,0.976329411764706,0.999694117647059,0.9705882352941178,0.9852705882352941,0.9483529411764706,0.9483529411764706,0.9794823529411765,0.954235294117647,0.9881882352941177,0.9352705882352942,0.9999764705882352,0.8823529411764706,0.8807058823529411,0.4411764705882353,
0.9948495294117647,0.9998541176470584,0.9999717647058823,0.9852705882352941,0.9999529411764707,0.9852235294117648,0.9999529411764709,0.9881882352941177,0.9955764705882353,0.9558823529411765,0.9558823529411765,0.9558823529411765,0.8823529411764706,0.8823529411764706,0.29411764705882354,
0.9999964705882357,0.9993044705882356,0.9852941176470589,0.9794352941176472,0.9838588235294118,0.9838588235294118,0.998564705882353,0.9852941176470591,0.9926329411764707,0.9867270588235295,0.9881882352941177,0.9720705882352941,0.9558823529411765,0.9689411764705883,0.6143529411764705,
0.9999905882352942,0.99634,0.9851764705882353,0.9897411764705883,0.9926352941176471,0.9999529411764705,0.9853176470588235,0.9999764705882352,0.9984705882352944,0.9881882352941177,0.9881882352941177,0.9793411764705884,0.9345882352941177,0.8823529411764706,0.8823529411764706,0.14705882352941177,
0.9963217647058826,0.999905882352941,0.9928235294117645,0.9999764705882352,0.9927011764705882,0.9941882352941177,0.9927011764705882,0.9999011764705882,0.9868000000000001,0.9970823529411766,0.9881882352941177,0.99408,0.9999858823529411,0.9705835294117646,0.8823529411764706,0.4411764705882353,
0.9948495294117647,0.9999764705882352,0.9999905882352941,0.9706823529411766,0.9999529411764705,0.9926588235294116,0.9779764705882352,0.970635294117647,0.9999294117647062,0.9706823529411766,0.9999764705882352,0.9720705882352941,0.9852941176470589,0.9852941176470589,0.9854823529411766,0.9706823529411766,0.7647058823529412,
0.9963217647058826,0.9991047058823528,0.9736235294117647,0.970635294117647,0.9708235294117646,0.9912470588235296,0.9854588235294117,0.9838588235294118,0.9986117647058828,0.9720705882352941,0.973929411764706,0.9852941176470589,0.9854117647058824,0.8823529411764706,0.8823529411764706,0.8823529411764706,0.4411764705882353,
0.9927176470588236,0.999941176470588,0.9999764705882352,0.9999952941176471,0.9852941176470589,0.9926352941176472,0.9927529411764706,0.9999529411764707,0.9780470588235295,0.9705882352941178,0.9705882352941179,0.9955764705882353,0.9854823529411768,0.9411764705882354,0.8823529411764706,0.8823529411764706,0.8823529411764706,0.7352941176470589,
0.9926682352941177,0.9998776470588234,0.9956894117647059,0.9986588235294117,0.9927011764705882,0.9852941176470589,0.9854352941176471,0.9984705882352943,0.985294117647059,0.9926329411764707,0.9852941176470589,0.9838588235294118,0.999974117647059,0.9852941176470589,0.9558823529411765,0.8970117647058824,
0.9999741176470587,0.9999270588235293,0.9999529411764705,0.9752470588235295,0.9852941176470589,0.9780000000000001,0.9780941176470589,0.9852941176470589,0.9705882352941178,0.970635294117647,0.9838588235294118,0.9720705882352941,0.9852941176470589,0.9686588235294118,0.9686588235294118,0.9079058823529411,0.8823529411764706,0.7352941176470589,
0.9963274117647063,0.9999129411764703,0.9999952941176471,0.9956894117647059,0.9999952941176471,0.970635294117647,0.9558823529411765,0.9558823529411765,0.9686588235294118,0.985435294117647,0.954,0.9686588235294118,0.9686588235294118,0.9558823529411765,0.9558823529411765,0.8823529411764706,0.8823529411764706,0.29411764705882354,
0.9999976470588235,0.9934031764705884,0.9853411764705879,0.9999764705882352,0.9853176470588235,0.9999764705882352,0.9855011764705882,0.9999952941176471,0.99268,0.9999905882352941,0.9999858823529411,0.9867623529411763,0.9814352941176471,0.9558823529411765,0.8898117647058824,0.8823529411764706,0.8823529411764706,0.8823529411764706,
0.9999858823529414,0.9999388235294121,0.9853929411764705,0.9999623529411761,0.9980611764705881,0.9705599999999996,0.9999764705882352,0.9558823529411765,0.8823529411764706,0.8823529411764706,0.8823529411764706,0.8823529411764706,0.8823529411764706,0.8823529411764706,0.8823529411764706,0.8823529411764706,0.7352941176470589,
0.9999788235294126,0.9927882352941179,0.9926352941176472,0.9927435294117646,0.9852941176470589,0.9852941176470589,0.978,0.9686588235294118,0.9558823529411765,0.9558823529411765,0.9558823529411765,0.9558823529411765,0.9558823529411765,0.9686588235294118,0.29411764705882354,
0.99336905882353,0.9999999999999999,0.9929364705882354,0.985524705882353,0.9927529411764706,0.9927529411764706,0.985289411764706,0.9705882352941178,0.9780000000000001,0.9892941176470587,0.9686588235294118,0.9558823529411765,0.9558823529411765,0.8823529411764706,0.29411764705882354,
0.9961647058823528,0.9999976470588235,0.9999529411764705,0.9999529411764705,0.9855247058823531,0.9929176470588235,0.9926352941176471,0.9927529411764706,0.9853835294117648,0.9999764705882352,0.9869505882352941,0.964682352941177,0.9942117647058824,0.9558823529411765,0.9686588235294118,0.7966823529411765,
0.9999764705882352,0.9999764705882352,0.9867122352941174,0.9999529411764705,0.9927011764705882,0.9927011764705882,0.9927011764705882,0.9927011764705882,0.9927011764705882,0.9927011764705882,0.9780000000000001,0.9928682352941176,0.9928682352941176,0.9928682352941176,0.9708235294117646,0.9708235294117646,0.9708235294117646,0.9854823529411764,0.9854352941176471,0.9708235294117646,0.9708235294117646,0.9708235294117646,0.9858823529411765,0.9999529411764705,0.9982588235294116,0.9780000000000001,0.9999764705882352,0.9999764705882352,0.9999764705882352,0.9686588235294118,0.9686588235294118,0.9558823529411765,0.9558823529411765,0.9780000000000001,0.9999764705882352,0.9873176470588235,0.985435294117647,0.941105882352941,0.9704235294117647,0.7352941176470589,
0.9955844705882354,0.9964400000000003,0.9999717647058821,0.999981176470588,0.9927011764705882,0.9927011764705882,0.9868941176470588,0.9926047058823531,0.9853176470588235,0.9704658823529411,0.9409882352941176,0.9577411764705883,0.9529411764705883,0.8823529411764706,0.14705882352941177,
0.9962305882352941,0.9994682352941175,0.9849411764705884,0.9708235294117646,0.9777647058823531,0.992164705882353,0.9999764705882356,0.999694117647059,0.9998823529411768,0.9778823529411766,0.9938352941176472,0.9980705882352942,0.9391999999999999,0.9409882352941176,0.9999764705882352,0.978,0.5735764705882352,
0.9977916470588238,0.9963647058823524,0.9853835294117645,0.9927011764705882,0.9863858823529412,0.9928235294117647,0.9927011764705881,0.985364705882353,0.9926588235294118,0.9979764705882352,0.9998588235294118,0.9706870588235292,0.8823529411764706,0.7352941176470589,
0.9999788235294118,0.9941522352941177,0.996955294117647,0.9999952941176471,0.9853364705882353,0.9926470588235293,0.9996564705882354,0.9986117647058824,0.9853788235294118,0.9995294117647058,0.9851670588235292,0.9998117647058823,0.9970823529411765,0.8823529411764706,0.8823529411764706,
0.9993091764705887,0.9970690588235295,0.9999905882352942,0.999637647058824,0.9925976470588235,0.9943717647058822,0.9851011764705881,0.9835999999999999,0.9044470588235295,
0.997040235294118,0.9999999999999999,0.9999905882352941,0.9999247058823532,0.9926682352941176,0.9999717647058823,0.9937270588235295,0.9999952941176472,0.9853364705882354,0.9999905882352941,0.9994588235294118,0.9853176470588235,0.9854023529411763,0.9943247058823528,0.9943247058823528,0.9671199999999999,0.8823529411764706,0.8823529411764706,0.4411764705882353,
0.9999858823529412,0.9998682352941175,0.9996235294117645,0.997058823529412,0.9998588235294118,0.9997411764705882,0.9998776470588233,0.9797647058823531,0.9666588235294117,0.9850823529411763,0.9485411764705882,0.8823529411764706,0.8823529411764706,0.8823529411764706,0.955764705882353,0.8823529411764706,0.29411764705882354,
0.9989952941176472,0.9963341176470588,0.988324705882353,0.988395294117647,0.9762682352941178,0.9865176470588236,0.9910823529411763,0.9796235294117646,0.9337647058823529,0.8823529411764706,0.8823529411764706,0.8604705882352942,0.18381176470588234,
0.9985195294117651,0.9999976470588235,0.9999529411764705,0.9855247058823531,0.9928188235294116,0.9927011764705882,0.9926776470588236,0.9928235294117649,0.9886823529411766,0.9852705882352945,0.9999764705882352,0.9705411764705881,0.9796235294117646,0.9944941176470588,0.9558823529411765,0.8823529411764706,0.9558588235294118,0.8823529411764706,0.14705882352941177,
0.9962287058823536,0.9970235294117645,0.9984188235294116,0.9854588235294117,0.9982258823529411,0.9998776470588235,0.9889835294117645,0.9997835294117645,0.9852941176470588,0.9779764705882353,0.6324000000000001,
0.9957256470588238,0.9992094117647058,0.9971058823529412,0.9999952941176471,0.9999764705882352,0.9999952941176471,0.9986541176470588,0.9999952941176471,0.99856,0.986470588235294,0.9999764705882352,0.9854070588235292,0.9853176470588235,0.9926117647058824,0.9878070588235295,0.911764705882353,0.5882352941176471,
0.9955703529411767,0.9999152941176468,0.9942776470588234,0.9999717647058823,0.9999952941176471,0.9999952941176471,0.9999858823529411,0.9911694117647059,1.0,0.9999764705882352,0.9796235294117646,0.9812941176470588,0.9632,0.9264470588235294,0.8823529411764706,0.5882352941176471,
0.9926470588235294,0.9926470588235294,0.9999764705882352,0.9999764705882352,0.9999764705882352,0.9999764705882352,0.9999764705882352,0.9999764705882352,0.9999764705882352,0.9999764705882352,0.9999764705882352,0.9999764705882352,0.9999764705882352,0.9863858823529412,0.9999764705882352,0.9705411764705882,0.9558823529411765,0.9558823529411765,0.9558823529411765,0.9680941176470589,0.8823529411764706,0.8823529411764706,0.4411764705882353,
0.9995400000000003,0.9900235294117647,0.9975058823529412,0.9925176470588237,0.9900235294117647,0.9900235294117647,0.9948682352941178,0.9975058823529412,0.9925176470588237,0.9897176470588235,0.9851764705882352,0.9942564705882354,0.9803058823529414,0.9409858823529412,0.5882352941176471,
0.9996902352941173,0.9999976470588235,0.9925858823529411,0.9998588235294115,0.9851952941176471,0.9925811764705883,0.9999764705882352,0.9999764705882352,0.9999764705882352,0.999835294117647,0.9999764705882352,0.9975058823529412,0.8823529411764706,0.8676941176470588,0.29411764705882354,
0.9999905882352942,0.9926470588235294,0.9852941176470589,0.9853411764705885,0.9926329411764707,0.9705882352941178,0.9852941176470589,0.9852941176470589,0.9852941176470589,0.973529411764706,0.9940941176470589,0.9705411764705881,0.9409882352941176,0.9413411764705882,0.9434117647058824,0.9999764705882352,0.9558823529411765,0.6764235294117648,
0.999830588235294,0.9924588235294116,0.9998117647058824,0.9998117647058824,0.9999529411764707,0.9852941176470589,0.9838588235294118,0.9809882352941177,0.983764705882353,0.9998588235294119,0.9984235294117647,0.9852000000000001,0.9998588235294119,0.985294117647059,0.9881129411764706,0.9925858823529411,0.9925647058823531,0.9999529411764707,0.8822117647058824,0.4411764705882353,
0.995586823529412,0.992694117647059,0.9999764705882352,0.9999764705882352,0.9999764705882352,0.9999764705882352,0.992729411764706,0.9853882352941177,0.9975058823529412,0.9999764705882352,0.9557647058823528,0.9557647058823528,0.9632000000000002,0.9312,0.8823529411764706,0.29411764705882354,
0.9983377647058823,0.9962999999999997,0.991244705882353,0.9779270588235295,0.9160941176470587,0.9705411764705881,0.9534352941176469,0.9705411764705882,0.7352941176470589,
0.9999741176470587,0.9999764705882352,0.9998588235294115,0.9999764705882352,0.9999764705882352,0.9999764705882352,0.9999529411764705,0.9988,0.9999764705882352,0.9606352941176471,0.9999764705882352,0.9999764705882352,0.9999764705882352,0.9999764705882352,0.9704235294117647,0.926564705882353,0.9873882352941178,0.9558823529411765,0.9558823529411765,0.29411764705882354,
0.9926470588235294,0.9971294117647059,0.9852941176470589,0.9838588235294118,0.9852941176470589,0.9838588235294118,0.9852941176470589,0.9852658823529413,0.9984188235294118,0.9925858823529411,0.9950588235294118,0.9558823529411765,0.8823529411764706,0.8823529411764706,
0.9983618823529407,0.9927952941176469,0.9852776470588236,0.9926776470588239,0.9808917647058824,0.9925623529411765,0.997524705882353,0.9925623529411766,0.8823529411764706,0.5882352941176471,
0.9941444705882355,0.9978682352941182,0.9986117647058824,0.9999905882352941,0.9883247058823531,0.9924447058823529,0.9804235294117648,0.9827435294117648,0.9607294117647059,0.9705411764705882,0.9558823529411765,
0.9999905882352942,0.99634,0.985289411764706,0.9999764705882352,0.9999764705882352,0.9999764705882352,0.9999764705882352,0.9999764705882352,0.9999764705882352,0.9999764705882352,0.9999764705882352,0.9999764705882352,0.9999764705882352,0.9999764705882352,0.9999764705882352,0.9853176470588235,0.9901388235294118,0.9901388235294118,0.9901388235294118,0.9901388235294118,0.9926329411764707,0.9707270588235295,0.8823529411764706,0.8823529411764706,0.8823529411764706,0.985435294117647,0.8823529411764706,0.8823529411764706,0.8823529411764706,0.8823529411764706,0.8823529411764706,0.8823529411764706,0.5882352941176471,0.5882352941176471,
0.9983671764705881,0.9926941176470587,0.9999764705882352,0.9926329411764707,0.9925882352941177,0.9999482352941177,0.9999529411764705,0.9926588235294117,0.9926588235294117,0.9852941176470589,0.9999529411764707,0.9998117647058823,0.9926988235294119,0.9776682352941177,0.9485411764705882,0.8823529411764706,0.8823529411764706,
0.9999811764705884,0.9999482352941176,0.9928094117647057,0.9838588235294118,0.9852941176470589,0.9779270588235295,0.9852941176470589,0.9852941176470589,0.9852941176470589,0.9397882352941176,0.9426588235294118,0.9705411764705881,0.9409882352941176,0.9485411764705884,0.9558823529411765,0.9558823529411765,0.5882352941176471,
0.9962858823529412,0.9999764705882352,0.9999858823529411,0.9999764705882352,0.9925764705882355,0.9999952941176471,0.9852941176470589,0.9926329411764707,0.9926329411764707,0.9852941176470589,0.9788000000000001,0.9969882352941175,0.9804235294117646,0.9925176470588235,0.9558823529411765,0.8823529411764706,0.5882352941176471,
0.9897139999999993,0.9978705882352938,0.9852941176470589,0.9852941176470589,0.9824235294117649,0.9705882352941178,0.9720705882352941,0.9999058823529412,0.9999529411764705,0.9534352941176469,0.9383529411764706,0.5147058823529412,
