0:0.3235505882352941,
0:0.9993809411764698,1:0.29778058823529424,
0:0.9999964705882344,1:0.9997988235294116,2:0.9890769411764706,3:0.9852894117647063,4:0.2941176470588235,
0:0.9962858823529407,1:0.9997458823529412,2:0.9997176470588236,3:0.9927011764705882,4:0.9995764705882355,5:0.9999952941176471,6:0.9985600000000006,7:0.2499670588235295,
1:0.9930000000000002,0:0.9927647058823532,2:0.9705882352941182,3:0.9852470588235294,4:0.985435294117647,5:0.9856235294117647,6:0.9782352941176471,7:0.9994823529411767,8:0.9998117647058824,9:0.9852941176470594,10:0.647058823529412,
1:0.9999058823529412,0:0.9998799999999998,2:0.9999952941176471,3:0.9852941176470589,5:0.9706823529411767,4:0.9705882352941178,6:0.9999529411764707,7:0.9998588235294119,8:0.9997176470588236,9:0.9998588235294119,10:0.9999529411764707,11:0.9999529411764707,12:0.9999529411764707,13:0.9853176470588236,14:0.9994823529411767,15:0.9998823529411767,16:0.647058823529412,
0:0.9925647058823527,1:0.9926352941176473,2:0.9999529411764707,3:0.9998588235294119,4:0.9778823529411765,5:0.9848470588235295,6:0.9924705882352944,7:0.9705882352941182,8:0.20588235294117646,
1:0.9999764705882352,0:0.9999647058823529,2:0.9941376470588232,3:0.9855058823529413,4:0.9917529411764706,5:0.9999529411764707,6:0.9999529411764707,7:0.9999529411764707,8:0.9999529411764707,9:0.9855529411764705,10:0.9995058823529414,11:0.9851764705882359,12:0.35555294117647057,
0:0.992694117647059,1:0.999807058823529,2:0.9999529411764707,3:0.9999529411764707,4:0.9860235294117647,5:0.9998352941176467,6:0.9926329411764712,7:0.1690658823529412,
0:0.9999764705882352,1:0.9939563529411766,6:0.9852000000000001,2:0.9850823529411764,3:0.9850823529411764,4:0.9850823529411764,5:0.9850823529411764,7:0.9927035294117647,8:0.9998588235294119,9:0.9998588235294119,10:0.9997882352941176,11:0.9850823529411764,12:0.9997176470588236,13:0.9999529411764707,14:0.9965882352941177,15:0.990023529411765,16:0.9264705882352946,
0:0.9999858823529413,1:0.9980089411764707,2:0.9850823529411761,3:0.9998117647058825,4:0.9780000000000001,5:0.9780000000000001,6:0.9997647058823531,7:0.9997176470588236,8:0.9999529411764707,9:0.9999764705882352,10:0.9847294117647061,11:0.9849882352941179,12:0.9998588235294124,13:0.5514564705882354,
1:0.9999999999999999,0:0.9999976470588235,2:0.9999764705882352,3:0.9851999999999999,4:0.9999529411764708,5:0.9998588235294119,6:0.9999764705882352,7:0.9999764705882352,8:0.9999764705882352,9:0.9851764705882353,10:0.9997411764705886,11:0.9632211764705887,
0:0.9999764705882352,1:0.9971858823529411,2:0.9850823529411771,3:0.9852470588235294,4:0.9999529411764707,5:0.9999529411764707,6:0.9707764705882352,7:0.991223529411765,8:0.9705882352941182,9:0.11764705882352942,
1:0.9999976470588235,0:0.9999764705882352,2:0.9997411764705881,3:0.9924270588235296,4:0.9999529411764707,5:0.9999529411764707,6:0.9999764705882352,7:0.985435294117647,8:0.9995952941176471,9:0.9926329411764712,10:0.07352470588235295,
1:0.9999647058823525,0:0.995586823529412,2:0.9996000000000003,3:0.999788235294118,4:0.9999529411764707,5:0.9999952941176471,6:0.9999952941176471,7:0.9998588235294119,8:0.9999529411764707,9:0.985435294117647,10:0.9998352941176474,11:0.808818823529412,
0:0.9999764705882352,1:0.9999764705882352,3:0.9999847058823529,2:0.9999529411764705,4:0.9999482352941177,5:0.9999529411764707,6:0.9999529411764707,7:0.9999764705882352,8:0.9898449411764704,9:0.9999764705882357,10:0.6470023529411767,
0:0.9999976470588235,1:0.9970567058823532,2:0.9970117647058824,3:0.9960235294117645,4:0.9850117647058825,5:0.9999529411764707,6:0.9999764705882352,7:0.9999764705882352,8:0.9999764705882352,9:0.992258823529412,10:0.9995058823529417,11:0.07350117647058824,
0:0.9926705882352931,1:0.9927294117647046,2:0.9705882352941182,3:0.6764705882352944,
0:0.9926117647058814,1:0.9997882352941175,2:0.9999058823529418,3:0.9926329411764712,4:0.3822964705882352,
0:0.9999764705882352,1:0.9999764705882352,2:0.9999764705882352,3:0.9999764705882352,4:0.9999764705882352,5:0.9999764705882352,6:0.9999764705882354,7:0.9999764705882352,8:0.9999764705882352,9:0.9999764705882352,10:0.9999764705882352,11:0.9999529411764707,12:0.999924705882353,13:0.9999294117647062,14:0.9705694117647061,
0:0.9997294117647054,1:0.9960976470588239,2:0.9999529411764707,3:0.9999529411764707,4:0.9999529411764707,5:0.9999529411764707,6:0.9891717647058825,7:0.9997411764705881,8:0.8967717647058824,
0:0.994729411764706,1:0.991929411764706,4:0.9999764705882354,2:0.9838588235294118,3:0.9838588235294118,5:0.9838588235294118,6:0.9780000000000001,7:0.9984235294117648,8:0.9850588235294119,9:0.9780000000000001,10:0.9780000000000001,11:0.9780000000000001,12:0.9780000000000001,13:0.9780000000000001,14:0.984329411764706,15:0.9294117647058827,
1:0.9999717647058822,0:0.9970396470588235,2:0.9852329411764708,3:0.9780000000000001,4:0.9999529411764707,5:0.9926329411764707,6:0.9926329411764707,7:0.9999529411764707,8:0.9850776470588236,9:0.9337152941176472,10:0.8823529411764706,11:0.8823529411764706,12:0.8823529411764706,13:0.8823529411764706,14:0.8823529411764706,15:0.8823529411764706,16:0.8823529411764706,17:0.8823529411764706,18:0.8823529411764706,19:0.7352941176470589,
0:0.9999882352941176,1:0.9997964705882354,2:0.9997176470588236,3:0.9998823529411767,4:0.9957609411764704,5:0.993054117647059,6:0.9925364705882358,7:0.2205364705882354,
0:0.9999976470588235,1:0.9999976470588235,2:0.9999952941176471,3:0.9852941176470589,4:0.9852941176470589,5:0.9998117647058824,6:0.9850588235294119,7:0.9999764705882352,8:0.9780000000000001,9:0.9707764705882352,10:0.9824470588235295,11:0.9850823529411769,12:0.6176470588235295,
1:0.9998470588235291,0:0.9994470588235294,2:0.9848705882352942,3:0.9995529411764706,4:0.9774117647058825,5:0.9849411764705883,6:0.9997882352941176,7:0.9855529411764705,8:0.9851999999999999,9:0.9851764705882359,10:0.17647058823529413,
1:0.9966823529411762,0:0.9954235294117644,2:0.9999058823529414,3:0.9997411764705882,4:0.9926588235294118,5:0.9999764705882352,6:0.9988941176470587,7:0.9994823529411767,8:0.9823529411764711,9:0.2941176470588235,
0:0.9978588235294117,1:0.9978470588235293,2:0.9927035294117648,3:0.9988941176470587,4:0.9929882352941178,5:0.9930070588235294,6:0.9956705882352945,7:0.669103529411765,
0:0.9999964705882357,1:0.9977961176470586,2:0.9922941176470589,3:0.9999529411764707,4:0.9996658823529412,5:0.9913176470588239,6:0.8600635294117648,
1:0.9978117647058823,0:0.9963058823529412,2:0.9955482352941182,3:0.9999529411764707,4:0.9926117647058824,5:0.985435294117647,6:0.9988941176470587,7:0.9927529411764706,8:0.9793411764705882,9:0.88960705882353,
0:0.9993134117647063,1:0.9997355294117654,2:0.985328705882353,3:0.9852941176470589,4:0.9852000000000001,5:0.9973176470588236,6:0.9960470588235295,7:0.9809882352941183,8:0.17641411764705886,
0:0.9976149411764706,1:0.9892352941176471,2:0.9926329411764707,3:0.9926329411764707,4:0.9926329411764707,5:0.9999764705882352,6:0.9926588235294118,7:0.9852941176470589,8:0.9852941176470589,9:0.9705882352941178,10:0.9705882352941178,11:0.9710117647058825,12:0.9855058823529413,13:0.9705882352941178,14:0.9705882352941178,15:0.9705882352941178,16:0.411764705882353,
1:0.9999270588235295,0:0.9925764705882353,2:0.9999529411764707,3:0.9995058823529414,4:0.9852117647058827,5:0.9850117647058825,6:0.9780000000000001,7:0.9927529411764706,8:0.9988941176470587,9:0.9856941176470588,10:0.9896705882352942,11:0.9928235294117652,12:0.3087388235294118,
0:0.995586823529412,1:0.9964576470588237,2:0.9999764705882356,3:0.99988,4:0.9852000000000001,5:0.992809411764706,6:0.9855529411764705,7:0.9999529411764708,8:0.9837411764705881,9:0.7573388235294121,
0:0.9997999999999997,1:0.9997999999999997,2:0.9998117647058823,3:0.9977858823529411,4:0.9998117647058823,5:0.9703999999999999,6:0.9409882352941176,7:0.9409882352941176,8:0.9409882352941176,9:0.9409882352941176,10:0.9409882352941176,11:0.9409882352941176,12:0.9409882352941176,13:0.9409882352941176,14:0.8233647058823529,
0:0.9999999999999991,1:0.9913176470588224,2:0.882352941176471,
0:0.9955176470588238,1:0.9999270588235295,2:0.9999952941176471,3:0.9926282352941177,4:0.9911058823529411,5:0.2205176470588236,
0:0.9999999999999999,1:0.9999999999999999,2:0.9985411764705884,3:0.9857176470588236,4:0.9962800000000002,5:0.9962800000000002,6:0.9999529411764707,7:0.9962800000000002,8:0.9705882352941178,9:0.9705882352941178,10:0.9705882352941178,11:0.9705882352941178,12:0.9705882352941178,13:0.9705882352941178,14:0.9705882352941178,15:0.8691294117647058,16:0.13383529411764705,
0:0.9947623529411771,1:0.987411764705883,2:0.9763058823529414,3:0.9727058823529414,4:0.9727058823529414,5:0.9727058823529414,6:0.9839058823529419,7:0.23529411764705882,
0:0.9985764705882353,1:0.9985764705882353,2:0.9964235294117648,3:0.9964235294117648,4:0.9964235294117648,5:0.9964235294117648,6:0.9880470588235294,7:0.9920705882352941,8:0.9817176470588236,9:0.9807058823529412,10:0.9995294117647059,11:0.9780000000000001,12:0.9818823529411767,13:0.8603529411764711,
1:0.9999976470588235,0:0.9998,4:0.9855058823529415,3:0.9853647058823531,2:0.9853176470588236,5:0.9998305882352942,6:0.9852000000000001,7:0.9853176470588236,8:0.9853176470588236,9:0.9853176470588236,10:0.9844235294117649,11:0.9932000000000001,12:0.991364705882353,13:0.9926329411764712,14:0.022044705882352942,
0:0.9977916470588238,1:0.9999976470588235,4:0.9854352941176471,3:0.985435294117647,2:0.9780000000000001,5:0.9949176470588237,6:0.9780000000000001,7:0.9780000000000001,8:0.9852941176470589,9:0.9852941176470589,10:0.9897411764705881,11:0.9860000000000001,12:0.9873647058823535,13:0.29406117647058827,
0:0.9999764705882352,1:0.9997196470588239,2:0.9994352941176473,3:0.9825272941176469,4:0.9926588235294118,5:0.9780000000000001,6:0.9999529411764707,7:0.9961647058823531,8:0.9968235294117648,9:0.9944682352941181,10:0.32352941176470584,
0:0.9999976470588235,1:0.991929411764706,2:0.9855529411764705,4:0.9780470588235295,3:0.9929388235294117,5:0.9999529411764707,6:0.9999764705882352,7:0.9999764705882352,8:0.998964705882353,9:0.9926352941176472,10:0.9841647058823529,11:0.9900235294117652,12:0.47053176470588226,
0:0.9994850588235298,1:0.9994850588235298,3:0.9985411764705883,2:0.985524705882353,4:0.9954588235294112,5:0.9928682352941177,6:0.9986117647058825,7:0.9888,8:0.9927011764705882,9:0.9941176470588237,10:0.98804705882353,11:0.4043411764705883,
1:0.9993404705882354,0:0.9992800000000001,2:0.9996738823529397,3:0.9985807058823527,4:0.9941710588235294,5:0.9984235294117648,6:0.9999529411764707,7:0.9999529411764707,8:0.9927058823529412,9:0.9940682352941178,10:0.6910823529411761,
0:0.9999764705882352,1:0.9926470588235294,2:0.9999764705882352,3:0.9852941176470589,4:0.9853411764705887,5:0.9962352941176471,6:0.9999529411764707,7:0.9999529411764707,8:0.9999529411764707,9:0.9925647058823529,10:0.9785882352941179,11:0.7720164705882356,
0:0.9999976470588235,1:0.9999976470588235,2:0.9970823529411762,3:0.9925600000000002,4:0.9926588235294118,5:0.9927011764705882,6:0.9999529411764707,7:0.9942564705882352,8:0.9949411764705884,9:0.996931764705883,10:0.12495294117647063,
0:0.9984235294117645,1:0.997963529411765,2:0.9998305882352942,3:0.9926588235294118,4:0.9999529411764707,5:0.9999764705882352,6:0.9933411764705883,7:0.992541176470588,8:0.8896117647058828,
1:0.9997757647058811,0:0.9963217647058826,2:1.0,3:0.9852000000000001,4:0.9939058823529412,5:0.9780000000000001,6:0.986870588235294,7:0.9986352941176473,8:0.98084705882353,9:0.29406117647058827,
0:0.9952823529411765,1:0.9942941176470584,2:0.9947835294117647,3:0.9852000000000001,4:0.9999529411764707,5:0.9999764705882352,6:0.9986823529411765,7:0.9896235294117649,8:0.9954094117647065,9:0.19114823529411767,
0:0.9992800000000001,1:0.9992800000000001,2:0.99856,3:0.9897552941176461,4:0.9895764705882353,5:0.9999764705882352,6:0.99856,7:0.99856,8:0.9939294117647062,9:0.9926329411764712,10:0.7570705882352933,
0:0.9999764705882352,1:0.9999764705882352,2:0.9999952941176471,3:0.9940517647058824,4:0.9998588235294119,5:0.9999952941176471,6:0.9999952941176471,7:0.9941835294117647,8:0.99552705882353,9:0.5146635294117649,
0:0.9999999999999986,1:0.9999417647058826,2:0.9999011764705883,3:0.999912235294118,4:0.9882291764705886,5:0.2941176470588235,
0:0.9992800000000001,1:0.997176470588235,2:0.9998964705882355,3:0.9999011764705883,4:0.9999764705882352,5:0.9999529411764707,6:0.9957882352941176,7:0.9896235294117653,8:0.6617176470588235,
1:0.9999976470588235,0:0.9999764705882352,2:0.9926352941176472,3:0.9926352941176472,4:0.9999035294117652,5:0.9924470588235296,6:0.9852000000000001,7:0.9926352941176472,8:0.9926352941176472,9:0.986870588235294,10:0.9793176470588237,11:0.9926329411764712,12:0.13969176470588238,
0:0.9999976470588235,1:0.9926470588235294,2:0.9926352941176472,3:0.9838588235294118,4:0.9926329411764707,5:0.9852470588235298,6:0.9852000000000001,7:0.9999529411764707,8:0.9999529411764707,9:0.9897882352941176,10:0.9793647058823535,11:0.17647058823529413,
1:0.9999999999999999,0:0.9999764705882352,2:0.9985807058823527,3:0.9941087058823527,4:0.9926329411764707,5:0.9999529411764705,6:0.9939058823529413,7:0.9924000000000001,8:0.9999529411764707,9:0.9926352941176472,10:0.997082352941177,11:0.6323482352941178,
0:0.9948691764705884,1:0.991929411764706,2:0.9986117647058824,3:0.9985647058823532,4:0.9852000000000001,5:0.9852000000000001,6:0.9852941176470589,7:0.9838588235294118,8:0.985435294117647,9:0.9941882352941179,10:0.9852658823529418,11:0.06613411764705883,
0:0.9999999999999999,1:0.9993032941176472,2:0.9897508235294122,3:0.9925764705882354,4:0.9926588235294118,5:0.9780000000000001,6:0.985435294117647,7:0.9854588235294118,8:0.9940941176470595,9:0.3749294117647058,
0:0.9999976470588235,1:0.9992800000000001,2:0.9838588235294118,3:0.9838588235294118,4:0.9823764705882357,5:0.9827058823529412,6:0.9997176470588236,7:0.9926588235294118,8:0.9780000000000001,9:0.9999529411764707,10:0.9999529411764707,11:0.983764705882353,12:0.9897411764705888,13:0.17647058823529413,
1:0.9999964705882357,0:0.9999764705882352,3:0.99856,2:0.9985807058823527,4:0.9956941176470591,5:0.9984235294117648,6:0.9997176470588236,7:0.9999011764705883,8:0.99856,9:0.9927058823529412,10:0.9735294117647064,11:0.2941176470588235,
0:0.9994944705882357,1:0.9994915294117649,11:0.9999952941176471,2:0.9737632941176471,3:0.9708235294117648,4:0.9708235294117648,5:0.9708235294117648,6:0.9708235294117648,7:0.9708235294117648,8:0.9708235294117648,9:0.9708235294117648,10:0.9708235294117648,12:0.9852470588235298,13:0.9708235294117648,14:0.9708235294117648,15:0.9708235294117648,16:0.9852000000000001,17:0.9999529411764707,18:0.9852941176470589,19:0.9838117647058825,20:0.9705882352941182,21:0.029411764705882356,
0:0.9999976470588235,1:0.9963217647058826,2:0.9855294117647058,3:0.9852470588235298,4:0.9997176470588236,5:0.9780000000000001,6:0.9999529411764707,7:0.9932235294117651,8:0.8749858823529416,
1:0.999929411764706,0:0.9996352941176468,3:0.9999764705882352,4:0.9852941176470589,5:0.9852941176470589,2:0.9780000000000001,6:0.9705882352941179,7:0.9999529411764707,8:0.9995294117647059,9:0.9997176470588236,10:0.9852000000000001,11:0.9999529411764707,12:0.9999529411764707,13:0.9764705882352941,14:0.9411764705882357,
0:0.9964682352941175,1:0.9927623529411764,2:0.9999952941176471,6:0.9986588235294117,3:0.9999952941176471,4:0.9852941176470589,5:0.9852941176470589,7:0.9941411764705883,8:0.9853647058823529,9:0.9997176470588236,10:0.9780000000000001,11:0.9780000000000001,12:0.9780000000000001,13:0.9780000000000001,14:0.9838588235294118,15:0.9926800000000006,16:0.17647058823529413,
0:0.999320941176471,1:0.9999011764705882,2:0.9997176470588236,3:0.9999529411764707,4:0.9999764705882352,5:0.9823875294117649,6:0.9705882352941182,7:0.32352941176470584,
0:0.9999999999999999,1:0.9999999999999999,4:0.9853411764705886,2:0.9999905882352941,3:0.9705882352941178,5:0.9792470588235296,6:0.9999529411764707,7:0.9881882352941177,8:0.9881882352941177,9:0.9881882352941177,10:0.9881882352941177,11:0.9705882352941179,12:0.9705882352941182,13:0.3823529411764706,
0:0.995860000000001,1:0.9997058823529411,2:0.9997176470588236,3:0.99976,4:0.9999952941176471,5:0.9999952941176471,6:0.9999952941176471,7:0.985388235294118,8:0.7912470588235289,
0:0.9999964705882357,1:0.9999529411764699,2:0.9997176470588236,3:0.994128705882353,4:0.9999529411764707,5:0.9941411764705883,6:0.9880705882352944,7:0.9977388235294123,8:0.5427152941176472,
0:0.9997176470588233,1:0.9997176470588233,2:0.9997176470588236,3:0.9997176470588236,5:0.9853411764705884,4:0.9999482352941177,6:0.9851058823529413,7:0.9997176470588236,8:0.9997176470588236,9:0.9997176470588236,10:0.9852941176470589,11:0.9854352941176471,12:0.9926823529411765,13:0.9852658823529418,14:0.1081764705882353,
0:0.9999976470588235,1:0.9999976470588235,2:0.9999952941176471,3:0.9999952941176471,4:0.9853364705882353,5:0.9999952941176472,6:0.99976,7:0.9998588235294118,8:0.9999952941176471,9:0.9999952941176471,10:0.9855294117647059,11:0.9956235294117649,12:0.7818847058823531,
0:0.9999976470588235,1:0.9853764705882352,2:0.9998117647058823,3:0.9998117647058823,4:0.9998117647058823,5:0.999858823529412,6:0.9999764705882352,7:0.9852000000000001,8:0.9850588235294119,9:0.9999764705882352,10:0.9943764705882353,11:0.9999764705882352,12:0.9748470588235298,13:0.647058823529412,
0:0.9999976470588235,1:0.9999976470588235,2:0.99856,3:0.99856,4:0.9926329411764707,5:0.994094117647059,6:0.9998588235294119,7:0.9997176470588236,8:0.9998588235294119,9:0.9999764705882352,10:0.9999764705882352,11:0.9999764705882352,12:0.9898117647058826,13:0.992576470588236,14:0.029402352941176473,
0:0.9992797647058825,1:0.9971467058823521,2:0.9999952941176471,3:0.9997176470588236,4:0.9999011764705883,5:0.9986588235294117,6:0.9971482352941177,7:0.9983035294117653,8:0.5440564705882353,
0:0.9999976470588235,1:0.9999976470588235,2:0.9999952941176471,3:0.9999952941176471,4:0.9972489411764704,5:0.9939058823529413,6:0.9997176470588236,7:0.9999011764705883,8:0.9927011764705882,9:0.9971482352941176,10:0.9968658823529417,11:0.6322447058823528,
0:0.9964117647058822,1:0.9999505882352944,2:0.9939058823529413,3:0.9998117647058824,4:0.9999529411764707,5:0.9999529411764707,6:0.9999952941176471,7:0.9855294117647058,8:0.9927270588235296,9:0.9926329411764712,10:0.17635764705882354,
1:0.9999999999999999,0:0.9999976470588235,2:0.9999905882352941,3:0.9911943529411764,4:0.9998588235294119,5:0.9939058823529412,6:0.9999529411764707,7:0.9999529411764707,8:0.9999529411764707,9:0.9999011764705884,10:0.9925647058823529,11:0.9999717647058829,12:0.17887058823529414,
0:0.9999764705882352,1:0.9947868235294122,2:0.9981152941176471,3:0.9940941176470589,4:0.9997176470588236,5:0.9939058823529412,6:0.9999529411764707,7:0.9999764705882352,8:0.988470588235294,9:0.9884000000000001,10:0.9939529411764711,11:0.8099835294117652,
0:0.9999764705882352,1:0.9992800000000001,2:0.9985411764705883,3:0.9970157647058816,4:0.999929411764706,5:0.9998588235294119,6:0.9997411764705882,7:0.9999529411764707,8:0.9882352941176471,9:0.9987529411764706,10:0.9941364705882358,11:0.48523294117647053,
0:0.9999764705882352,1:0.9995650588235301,2:0.9988941176470587,3:0.9988941176470587,4:0.9972188235294119,5:0.9882352941176471,6:0.9852000000000001,7:0.9852000000000001,8:0.9868,9:0.9927058823529412,10:0.9988941176470587,11:0.992797647058824,12:0.6837247058823531,
0:0.9999976470588235,1:0.9999976470588235,2:0.9986934117647058,3:0.988110117647059,4:0.9998588235294119,5:0.9997176470588236,6:0.9999011764705883,7:0.9999764705882352,8:0.985435294117647,9:0.9959976470588242,10:0.9998776470588241,
1:0.9999764705882352,0:0.9998823529411763,2:0.9985244705882349,3:0.9882352941176471,4:0.985435294117647,5:0.9985105882352945,6:0.9999529411764707,7:0.9953623529411766,8:0.9997176470588236,9:0.9999529411764707,10:0.9882352941176471,11:0.9882352941176471,12:0.9928211764705882,13:0.9735294117647063,14:0.3823529411764706,
0:0.996368823529412,1:0.9968658823529405,2:0.9998588235294119,3:0.9941411764705883,4:0.9855529411764705,5:0.9853411764705887,6:0.8687082352941181,
0:0.9997082352941176,1:0.9997082352941176,3:0.9997929411764703,2:0.9997082352941176,4:0.9854729411764699,5:0.9975952941176471,6:0.9997176470588236,7:0.9928211764705882,8:0.987105882352941,9:0.9944188235294117,10:0.9929576470588235,11:0.897039999999999,
0:0.9997176470588232,1:0.9995505882352936,2:0.9851529411764708,3:0.9997176470588236,4:0.9997176470588236,5:0.9997176470588236,6:0.9999529411764707,7:0.9790117647058827,8:0.9996705882352945,9:0.4999435294117647,
0:0.9999999999999999,1:0.9999999999999999,2:0.9999529411764707,3:0.9852941176470589,4:0.9955764705882353,5:0.9955764705882353,6:0.9939058823529413,7:0.9997176470588236,8:0.9997176470588236,9:0.9850588235294119,10:0.9940941176470589,11:0.9949411764705884,12:0.9949411764705884,13:0.9043976470588236,14:0.8823529411764706,15:0.8823529411764706,16:0.8823529411764706,
0:0.9999976470588235,1:0.9985265882352945,2:0.9852941176470589,3:0.99268,4:0.9998588235294119,5:0.9997176470588236,6:0.9997176470588236,7:0.9939058823529412,8:0.9852941176470589,9:0.9927764705882353,10:0.9941411764705883,11:0.9000235294117651,
0:0.9999976470588235,1:0.9999976470588235,2:0.9973882352941177,3:0.985294117647059,4:0.9852941176470589,5:0.9853176470588236,6:0.9853176470588236,7:0.9882352941176471,8:0.9855294117647058,9:0.987105882352941,10:0.9797176470588235,11:0.9951294117647059,12:0.9734823529411767,13:0.411764705882353,
0:0.9999529411764704,1:0.99978588235294,2:1.0,3:0.9999764705882354,4:0.9999764705882352,5:0.985435294117647,6:0.9997411764705884,7:0.9882352941176471,8:0.9838352941176476,9:0.6786658823529415,
0:0.9999976470588235,1:0.9992800000000001,2:0.9986117647058824,3:0.9985635294117645,4:0.9997176470588236,5:0.9997176470588236,6:0.9997176470588236,7:0.9999011764705883,8:0.9999764705882352,9:0.9987011764705881,10:0.9971155294117646,11:0.9690400000000006,
0:0.9998800000000001,1:0.9998800000000001,14:0.9998588235294118,2:0.9998682352941175,11:0.9997176470588236,12:0.9997176470588236,13:0.9997176470588236,3:0.9998588235294118,4:0.9998776470588235,5:0.9998776470588235,6:0.9998776470588235,7:0.9851764705882353,8:0.9851764705882353,9:0.9851764705882353,10:0.9851764705882353,15:0.9941411764705883,16:0.9986588235294117,17:0.9821882352941178,18:0.9851764705882353,19:0.9851764705882353,20:0.9851764705882353,21:0.9851764705882353,22:0.9997176470588236,23:0.9852000000000001,24:0.9853176470588236,25:0.9853176470588236,26:0.985435294117647,27:0.9854117647058824,28:0.9913647058823529,29:0.16550588235294117,
0:0.9999764705882352,1:0.9999764705882352,2:0.99976,3:0.9986364705882337,4:0.9999529411764707,5:0.9999952941176471,6:0.9999952941176471,7:0.9998588235294119,8:0.9997176470588236,9:0.9997176470588236,10:0.99976,11:0.9999952941176471,12:0.9972658823529412,13:0.9169905882352944,
0:0.9999999999999999,1:0.9961311764705879,2:0.9997176470588236,3:0.9939058823529412,4:0.9882352941176471,5:0.985435294117647,6:0.9911294117647064,7:0.6249247058823528,
1:0.9999976470588235,0:0.9974941176470589,2:0.9882352941176471,3:0.9940941176470589,4:0.9997176470588236,5:0.9999529411764707,6:0.9882352941176471,7:0.9941411764705883,8:0.9999952941176471,9:0.9958776470588234,10:0.3823529411764706,
0:0.9999764705882352,1:0.9999764705882352,3:0.9998588235294119,2:0.9972367058823524,4:0.9914352941176471,5:0.9997176470588236,6:0.9939058823529412,7:0.9999529411764707,8:0.9999529411764707,9:0.9854352941176471,10:0.9882117647058826,11:0.6714117647058826,
0:0.9999976470588235,1:0.9992800000000001,2:0.9999764705882352,3:0.99856,4:0.9971247058823532,5:0.9997176470588236,6:0.9997176470588236,7:0.9997176470588236,8:0.9999529411764707,9:0.99856,10:0.9955764705882353,11:0.9971952941176473,12:0.5735247058823532,
1:0.9999976470588235,0:0.9998776470588236,2:0.998523058823529,3:0.9999952941176471,4:0.9926588235294118,5:0.9997176470588236,6:0.9939058823529412,7:0.9927011764705882,8:0.9852941176470589,9:0.9854352941176471,10:0.9795529411764706,11:0.9896917647058829,
1:0.999470588235294,0:0.9994447058823529,2:0.9921176470588237,3:0.9921176470588237,4:0.9921176470588237,5:0.9921176470588237,7:0.9852941176470589,6:0.9777647058823531,8:0.9939529411764707,9:0.992164705882353,10:0.9847764705882354,11:0.9997411764705882,12:0.9852000000000001,13:0.9852941176470589,14:0.9941411764705883,15:0.9986588235294117,16:0.9853647058823531,17:0.411764705882353,
0:0.9999976470588235,1:0.9934047058823531,2:0.9852941176470589,3:0.979552941176471,4:0.9998117647058824,5:0.9850588235294119,6:0.9852941176470589,7:0.9852941176470589,8:0.9986588235294117,9:0.9793411764705885,10:0.9411764705882357,
1:0.9999976470588235,0:0.9999764705882352,2:0.9999764705882352,3:0.9986588235294117,4:0.9940376470588236,5:0.9997082352941178,6:0.9997411764705882,7:0.9999764705882352,8:0.9999764705882352,9:0.995830588235294,10:0.9858117647058829,11:0.39705411764705884,
1:0.9926470588235294,0:0.9999529411764705,2:0.9852941176470589,3:0.9558823529411765,4:0.9558823529411765,5:0.9558823529411765,6:0.9426588235294118,7:0.9426588235294118,8:0.9426588235294118,9:0.9426588235294118,10:0.9426588235294118,11:0.9426588235294118,12:0.9426588235294118,13:0.8823529411764706,14:0.8823529411764706,15:0.8823529411764706,16:0.8823529411764706,17:0.8823529411764706,18:0.8823529411764706,19:0.8823529411764706,20:0.8823529411764706,21:0.8676941176470588,
0:0.9999976470588235,1:0.9926470588235294,2:0.9852941176470589,3:0.9852941176470589,4:0.9852941176470589,5:0.9926329411764707,6:0.9852470588235297,7:0.9999529411764707,8:0.9973882352941177,9:0.9852941176470589,10:0.9852941176470589,11:0.9852941176470589,12:0.9900470588235294,13:0.9797176470588235,14:0.9856235294117647,15:0.9856235294117647,16:0.9901411764705887,
0:0.9983882352941164,1:0.9997858823529412,2:0.9997176470588236,3:0.9813176470588235,4:0.9841411764705884,5:0.9705882352941182,6:0.5588235294117649,
0:0.992668235294117,1:0.9942799999999996,2:0.9999011764705883,3:0.985435294117647,4:0.9961647058823534,5:0.9999717647058824,
0:0.9926470588235294,1:0.9926470588235294,2:0.9852941176470589,3:0.9852941176470589,4:0.9852941176470589,5:0.9820705882352943,6:0.9960705882352943,7:0.9852941176470589,8:0.9852941176470589,9:0.9852941176470589,10:0.9852941176470589,11:0.9969882352941177,12:0.6542400000000004,
0:0.9999999999999999,1:0.9999999999999999,2:0.9705882352941178,3:0.9999529411764709,4:0.9997176470588236,5:0.9997176470588236,6:0.9998588235294118,7:0.9882352941176471,8:0.985435294117647,9:0.982282352941177,10:0.4411764705882354,
0:0.999261529411765,1:0.9999976470588235,2:0.9999952941176471,3:0.9999952941176471,4:0.9939529411764708,5:0.9997176470588236,6:0.9997176470588236,7:0.9998588235294118,8:0.9960705882352943,9:0.988729411764706,10:0.9999952941176471,11:0.9707764705882354,12:0.9749176470588238,13:0.411764705882353,
0:0.9985265882352945,1:0.9926470588235294,3:0.9999764705882352,2:0.9941411764705883,4:0.9960235294117649,5:0.9999764705882352,6:0.9999764705882352,7:0.9852941176470589,8:0.985435294117647,9:0.9882117647058823,10:0.9940941176470595,11:0.23529411764705882,
0:0.9926470588235294,1:0.9926470588235294,5:0.9855294117647062,4:0.985435294117647,2:0.9852941176470589,3:0.9852941176470589,6:0.9960705882352942,7:0.9780000000000001,8:0.9852941176470589,9:0.9852941176470589,10:0.9852941176470589,11:0.9852941176470589,12:0.9943764705882353,13:0.9837647058823534,14:0.5588235294117649,
0:0.9994941176470589,1:0.9994941176470589,4:0.9999764705882352,2:0.9995141176470586,3:0.993634588235294,5:0.9927035294117647,6:0.9999058823529414,7:0.9999764705882352,8:0.992164705882353,9:0.9997176470588236,10:0.9852000000000001,11:0.9999764705882352,12:0.9941411764705883,13:0.9999764705882358,14:0.4632211764705883,
1:0.9999976470588235,0:0.9999764705882352,2:0.9852941176470589,3:0.9852941176470589,4:0.9852941176470589,5:0.9882823529411767,6:0.9999529411764707,7:0.9852000000000001,8:0.9999529411764707,9:0.9852000000000001,10:0.9997176470588236,11:0.9852000000000001,12:0.9852941176470589,13:0.9955764705882353,14:0.9869176470588239,15:0.47058823529411775,
0:0.9999976470588235,1:0.9999976470588235,2:0.9999952941176471,5:0.9973176470588234,3:0.9999952941176471,4:0.99856,6:0.9970823529411765,7:0.9926352941176472,8:0.9926352941176472,9:0.9997176470588236,10:0.9999529411764707,11:0.9868,12:0.985435294117647,13:0.9943529411764707,14:0.7882117647058828,
0:0.9941169411764706,1:0.9999976470588235,3:0.9943058823529413,2:0.9852941176470589,4:0.9985176470588236,5:0.9852941176470589,6:0.9852941176470589,7:0.9852941176470589,8:0.9852941176470589,9:0.9997176470588236,10:0.9999529411764707,11:0.9838588235294118,12:0.9838588235294118,13:0.9868705882352942,14:0.7647058823529415,
0:0.9999976470588235,1:0.9999976470588235,2:0.9927736470588231,3:0.9999858823529412,4:0.9927011764705882,5:0.9998588235294119,6:0.9980705882352942,7:0.9980705882352942,8:0.9999952941176471,9:0.9928211764705882,10:0.9956000000000005,11:0.27204,
1:0.9999976470588235,0:0.9999764705882352,2:0.9999952941176471,3:0.9999952941176471,4:0.9985364705882354,5:0.9997882352941179,6:0.9997882352941176,7:0.9999952941176471,8:0.9999952941176471,9:0.9999952941176471,10:0.9999952941176471,11:0.9928211764705882,12:0.9852235294117647,13:0.9937176470588238,14:0.9939764705882359,15:0.20588235294117646,
0:0.9999976470588235,1:0.9999976470588235,2:0.9999764705882352,3:0.99856,4:0.999953176470588,5:0.9960705882352943,6:0.9999952941176471,7:0.9999952941176471,8:0.9943764705882353,9:0.9855294117647059,10:0.9896941176470591,11:0.9878352941176473,12:0.9926329411764712,13:0.11024705882352943,
0:0.9999999999999988,1:0.996982,2:0.999764705882353,3:0.9998117647058828,4:0.9926329411764712,5:0.9926329411764712,6:0.2941176470588235,
0:0.9999999999999999,1:0.9999999999999999,2:0.9999505882352926,3:0.9999529411764707,4:0.9999529411764707,5:0.9999529411764707,6:0.9999736470588234,7:0.9999482352941177,8:0.9999905882352941,9:0.9999905882352941,10:0.9998117647058825,11:0.9997176470588236,12:0.9997176470588236,13:0.9998117647058824,14:0.9999905882352941,15:0.9956303529411762,16:0.9855294117647062,17:0.11764705882352942,
0:0.9999976470588235,1:0.9999976470588235,2:0.9999952941176471,5:0.9986117647058824,3:0.9999952941176471,4:0.9999952941176471,6:0.9852941176470589,7:0.9852000000000001,8:0.9852941176470589,9:0.9852941176470589,10:0.9838588235294118,11:0.9838588235294118,12:0.9838588235294118,13:0.9838588235294118,14:0.9707764705882352,15:0.9822823529411769,16:0.4411764705882354,
0:0.9971037647058827,1:0.9948799999999987,2:0.9997600000000002,3:0.9999529411764707,4:0.9999764705882352,5:0.9986588235294117,6:0.9999717647058827,7:0.9338094117647063,
0:0.9999964705882357,1:0.9999976470588235,2:0.9764677647058825,3:0.9999529411764707,4:0.9852941176470589,5:0.9855294117647058,6:0.9722352941176471,7:0.9765647058823532,8:0.999882352941177,9:0.32352941176470584,
0:0.9999976470588235,1:0.9999976470588235,4:0.9998823529411768,2:0.9941134117647056,3:0.9999952941176471,5:1.0,6:0.9999529411764707,7:0.9999764705882352,8:0.9997176470588236,9:0.9999011764705883,10:0.9852941176470589,11:0.972164705882353,12:0.9997882352941181,13:0.6176470588235295,
0:0.9999976470588235,1:0.9999976470588235,2:0.9999952941176471,3:0.9926781176470586,4:0.9985411764705886,5:0.9999952941176471,6:0.9999952941176471,7:0.9997176470588236,8:0.9999011764705883,9:0.985435294117647,10:0.9955294117647062,11:0.9632117647058828,
0:0.9999976470588235,1:0.9999976470588235,3:0.9940941176470592,2:0.9852941176470589,4:0.9852941176470589,5:0.9999529411764707,6:0.9852000000000001,7:0.9850588235294119,8:0.9926588235294117,9:0.9926588235294117,10:0.986870588235294,11:0.974823529411765,12:0.9411764705882357,
0:0.9970567058823532,1:0.992694117647059,2:0.9996941176470592,3:0.9939294117647061,4:0.9997176470588236,5:0.9997882352941176,6:0.9999764705882352,7:0.9999952941176471,8:0.9854776470588233,9:0.9865176470588239,10:0.9761647058823533,11:0.5294117647058825,
0:0.9996338823529414,1:0.9993162352941178,2:0.9999952941176471,3:0.9895390588235295,4:0.999788235294118,5:0.9852941176470589,6:0.9852941176470589,7:0.9964,8:0.9997882352941179,9:0.9850588235294119,10:0.9955764705882353,11:0.985435294117647,12:0.9850117647058827,13:0.9760941176470591,14:0.9705882352941182,15:0.2647058823529412,
0:0.9999976470588235,1:0.9968588235294114,2:0.9991058823529412,3:0.9997176470588236,4:0.9999764705882352,5:0.9964000000000001,6:0.987858823529412,7:0.9998870588235301,8:0.08084941176470589,
0:0.9999976470588235,1:0.9998228235294112,2:0.9908536470588233,3:0.9999764705882352,4:0.9985411764705883,5:0.9997176470588236,6:0.9997176470588236,7:0.9984235294117647,8:0.9855294117647058,9:0.9983058823529416,10:0.993788235294118,11:0.558814117647059,
0:0.995586823529412,1:0.9926470588235294,2:0.9999764705882352,3:0.9999764705882352,5:0.985435294117647,4:0.9705882352941178,6:0.9707294117647058,7:0.9997176470588236,8:0.9998588235294118,9:0.9999764705882352,10:0.9941411764705883,11:0.9799529411764705,12:0.9968941176470594,13:0.2647058823529412,
0:0.9999764705882352,1:0.9926682352941177,2:0.9996000000000003,3:0.999684705882353,4:0.9852941176470589,5:0.9999529411764707,6:0.9997176470588236,7:0.9852000000000001,8:0.9852941176470589,9:0.9955764705882353,10:0.9956235294117649,11:0.9996000000000003,12:0.9939294117647064,13:0.7058823529411767,
0:0.9999976470588235,1:0.9999976470588235,2:0.9999529411764707,3:0.9997600000000002,4:0.9926388235294119,5:0.9884470588235295,6:0.9999529411764707,7:0.9999952941176471,8:0.9999952941176471,9:0.9852941176470589,10:0.9767764705882354,11:0.9996000000000003,12:0.9646117647058828,
0:0.9999976470588235,1:0.9992996470588236,2:0.993545411764706,3:0.9997552941176472,4:0.999929411764706,5:0.9999764705882352,6:0.9999764705882352,7:0.9913882352941177,8:0.996654117647059,9:0.9881882352941183,10:0.21692470588235296,
0:0.9999976470588235,1:0.9998103529411768,2:0.9939341176470589,3:0.9852941176470589,4:0.9997176470588236,5:0.9852941176470589,6:0.9852941176470589,7:0.9889647058823529,8:0.9952235294117651,9:0.9937647058823532,10:0.7573388235294121,
1:0.9995999999999995,0:0.993264352941176,2:0.9999529411764705,3:0.9999529411764707,4:0.991435294117647,5:0.9720705882352941,6:0.9899764705882352,7:0.9897882352941175,8:0.9996000000000003,9:0.9996000000000003,10:0.7645647058823533,
1:0.9995411764705876,0:0.9924588235294114,2:0.9999529411764708,3:0.9999529411764707,4:0.9998588235294119,5:0.9997882352941176,6:0.9998588235294119,7:0.9968705882352942,8:0.9998352941176476,9:0.6176470588235295,
1:0.9971529411764699,0:0.9926470588235294,2:0.9851058823529413,3:0.9997176470588236,4:0.9997882352941176,5:0.9999764705882352,6:0.9941411764705883,7:0.9986823529411765,8:0.9938588235294121,9:0.9852705882352947,10:0.11764705882352942,
1:0.9997176470588233,0:0.999705882352941,2:0.9985183529411761,3:0.985289411764706,4:0.9955764705882353,5:0.9999529411764707,6:0.9997176470588236,7:0.9997176470588236,8:0.9850588235294119,9:0.9999529411764707,10:0.9999529411764707,11:0.9999529411764707,12:0.9855294117647058,13:0.9785411764705886,14:0.9705882352941182,15:0.32352941176470584,
0:0.9985265882352945,1:0.9926705882352941,2:0.9940000000000004,3:0.9999011764705883,4:0.9852941176470589,5:0.9943764705882353,6:0.987105882352941,7:0.9943764705882353,8:0.9953411764705885,9:0.9819764705882356,10:0.9926329411764712,11:0.32352941176470584,
0:0.9999976470588235,1:0.9999976470588235,2:0.9999882352941172,3:0.9999529411764707,4:0.9997176470588236,5:0.9999764705882352,6:0.9999764705882352,7:0.9976,8:0.9938776470588238,9:0.9926329411764712,10:0.6029364705882354,
0:0.9963664705882354,1:0.9926917647058826,2:0.986870588235294,3:0.9997411764705885,4:0.994042352941177,5:0.8382117647058823,
0:0.9992827058823535,1:0.9954158823529405,2:0.9998588235294118,3:0.9853176470588236,4:0.9853176470588236,5:0.9927011764705884,6:0.9975035294117649,7:0.9865647058823532,8:0.9969411764705889,9:0.9999623529411764,10:0.014701176470588237,
0:0.9993515294117649,1:0.9956080000000003,2:0.9999952941176473,3:0.9999341176470589,4:0.9997176470588236,5:0.9999764705882354,6:0.9853176470588236,7:0.9927011764705882,8:0.9928941176470588,9:0.9882776470588236,10:0.9998352941176476,11:0.9852894117647063,12:0.9117647058823534,
0:0.9985736470588239,1:0.9926917647058824,2:0.9853176470588236,3:0.9997176470588236,4:0.9853176470588236,5:0.9999764705882352,6:0.9999952941176471,7:0.9943764705882353,8:0.999858823529412,9:0.9822352941176475,10:0.9705882352941182,11:0.9705882352941182,12:0.47058823529411775,
0:0.9963858823529413,1:0.9964141176470583,2:0.9853176470588236,3:0.9853176470588236,4:0.9928705882352941,5:0.992938823529412,6:0.99616,7:0.9954329411764712,8:0.9926329411764712,9:0.9926329411764712,10:0.8970117647058825,
0:0.9999964705882357,1:0.9998691764705884,2:0.9997882352941176,3:0.9897272941176469,4:0.9853176470588236,5:0.9852941176470589,6:0.9928211764705883,7:0.983623529411765,8:0.9983741176470593,9:0.9926329411764712,10:0.9705882352941182,11:0.8235294117647063,
0:0.9993789411764709,1:0.9990428235294123,2:0.9997176470588236,3:0.9999764705882354,4:0.9853176470588236,5:0.9853176470588236,6:0.9999952941176471,7:0.9971294117647062,8:0.9969600000000005,9:0.9926329411764712,10:0.9926329411764712,11:0.7204705882352943,
1:0.9999999999999999,0:0.9993529411764704,2:0.9943910588235291,3:0.9856235294117647,4:0.9929482352941175,5:0.9917882352941175,6:0.9943058823529413,7:0.9921129411764706,8:0.9995764705882354,9:0.9998588235294118,10:0.9914541176470588,11:0.9955764705882353,12:0.9999529411764707,13:0.9855999999999999,14:0.9884705882352942,15:0.9999905882352945,16:0.9852894117647063,17:0.9705882352941182,18:0.3823529411764706,
0:0.9957632941176472,1:0.9928235294117647,8:0.9999952941176471,9:0.9854776470588233,2:0.9854117647058824,3:0.9854117647058824,4:0.9854117647058824,5:0.9854117647058824,6:0.9854117647058824,7:0.9854117647058824,10:0.9892141176470589,11:0.9883223529411764,12:0.9999764705882354,13:0.9999764705882354,14:0.9999952941176471,15:0.9999952941176471,16:0.9999952941176471,17:0.9999952941176471,18:0.9884399999999999,19:0.993877647058824,20:0.9999905882352945,21:0.9705882352941182,22:0.14705882352941177,
0:0.9999976470588235,1:0.997586235294117,2:0.9997176470588236,3:0.9853176470588236,4:0.9999952941176471,5:0.9999952941176471,6:0.9941411764705883,7:0.9953411764705885,8:0.9881176470588241,9:0.9926329411764712,10:0.9912329411764711,11:0.1500023529411765,
0:0.9999976470588235,1:0.9970401176470582,2:0.9996094117647059,3:0.9855294117647059,4:0.9997411764705882,5:0.9853176470588236,6:0.9853176470588236,7:0.9999764705882352,8:0.9999764705882352,9:0.9892000000000001,10:0.9939717647058826,11:0.9899952941176476,12:0.9999905882352945,13:0.029411764705882356,
0:0.9999764705882352,1:0.9999764705882352,2:0.9999529411764707,3:0.9999952941176471,4:0.9852941176470589,5:0.9985647058823532,6:0.9855294117647059,7:0.9853647058823529,8:0.9852941176470589,9:0.9852941176470589,10:0.9852941176470589,11:0.9852941176470589,12:0.9852941176470589,13:0.9852941176470589,14:0.985435294117647,15:0.9868423529411765,16:0.9834117647058829,17:0.9705882352941182,18:0.11764705882352942,
0:0.9999964705882357,1:0.9999764705882352,2:0.9999529411764705,3:0.9999058823529413,4:0.9928788235294115,5:0.9999764705882352,6:0.9999764705882352,7:0.9966117647058823,8:0.9966117647058823,9:0.9981599999999998,10:0.9999529411764705,11:0.9999529411764705,12:0.9999529411764705,13:0.9851764705882359,14:0.2941176470588235,
0:0.9999976470588235,1:0.9999976470588235,2:0.9999764705882352,3:0.9999764705882352,4:0.9985411764705883,5:0.9943529411764706,6:0.9981882352941177,7:0.9792941176470589,8:0.9999764705882352,9:0.9852941176470589,10:0.9852941176470589,11:0.9852941176470589,12:0.985435294117647,13:0.9967058823529414,14:0.9981176470588241,15:0.9705882352941182,16:0.9705882352941182,17:0.411764705882353,
0:0.9999976470588235,1:0.9999976470588235,2:0.9999764705882352,3:0.9999764705882352,4:0.9999764705882352,5:0.9867169411764706,6:0.9854352941176471,7:0.9852941176470589,8:0.9852941176470589,9:0.9852941176470589,10:0.9852941176470589,11:0.9852941176470589,12:0.9976682352941183,13:0.9705882352941182,14:0.9705882352941182,15:0.9705882352941182,16:0.7058823529411767,
0:0.9999976470588235,1:0.9992800000000001,2:0.9943529411764706,3:0.999811764705883,4:0.9853647058823529,5:0.9999952941176471,6:0.9852941176470589,7:0.9852941176470589,8:0.9852941176470589,9:0.9852941176470589,10:0.9852941176470589,11:0.9855294117647058,12:0.9934305882352942,13:0.9821176470588237,14:0.9705882352941182,15:0.5588235294117649,
0:0.9992800000000001,1:0.9992800000000001,5:0.9999529411764705,2:0.9985411764705883,3:0.9985411764705883,4:0.9985411764705883,6:0.985435294117647,7:0.9999858823529413,8:0.9853647058823529,9:0.9999764705882352,10:0.9924470588235295,11:0.9997176470588236,12:0.9999529411764707,13:0.9999764705882352,14:0.9953882352941177,15:0.9998541176470593,16:0.9926329411764712,17:0.9705882352941182,18:0.9705882352941182,19:0.7352941176470591,
1:0.9999976470588235,0:0.9956588235294118,2:0.9987199999999997,3:0.9852000000000005,4:0.9855294117647059,5:0.9853647058823529,6:0.9852000000000001,7:0.9940141176470588,8:0.9852941176470589,9:0.9852941176470589,10:0.9869317647058822,11:0.9811764705882353,12:0.9750117647058829,13:0.9705882352941182,14:0.9705882352941182,15:0.9705882352941182,16:0.9705882352941182,17:0.23529411764705882,
0:0.9998235294117648,1:0.9994941176470589,2:0.9999764705882352,3:0.9999764705882352,4:0.9999764705882352,5:0.998593176470588,6:0.9957992941176471,7:0.9853647058823529,8:0.9924658823529412,9:0.9997882352941176,10:0.9999952941176471,11:0.9852941176470589,12:0.9852941176470589,13:0.985435294117647,14:0.9950823529411768,15:0.9705882352941182,16:0.9705882352941182,17:0.9705882352941182,18:0.9705882352941182,19:0.9705882352941182,20:0.05882352941176471,
1:0.9999976470588235,0:0.9999764705882352,2:0.9999764705882352,3:0.9999764705882352,4:0.9913148235294115,5:0.9867764705882355,6:0.9927011764705882,7:0.9927011764705882,8:0.9998588235294119,9:0.9998588235294118,10:0.9999529411764707,11:0.9852941176470589,12:0.9852941176470589,13:0.9938588235294118,14:0.9800470588235299,15:0.9926329411764712,16:0.9705882352941182,17:0.9705882352941182,18:0.9705882352941182,19:0.9705882352941182,20:0.5000000000000001,
0:0.9999976470588235,1:0.9998823529411764,2:0.9998776470588234,3:0.9985807058823527,4:0.9985411764705883,5:0.9985411764705883,6:0.9999670588235295,7:0.9978472941176469,8:0.9916941176470587,9:0.9934376470588235,10:0.9934376470588235,11:0.9924000000000001,12:0.9999764705882352,13:0.9999952941176471,14:0.99856,15:0.9920188235294118,16:0.9705882352941182,17:0.9705882352941182,18:0.9705882352941182,19:0.9705882352941182,20:0.2941176470588235,
0:0.9948518823529413,1:0.9995423529411765,2:0.9999764705882352,3:0.9999764705882352,6:0.9999529411764707,5:0.9999529411764705,4:0.9985411764705883,7:0.9926329411764707,8:0.9860258823529412,9:0.9917011764705882,10:0.9998588235294119,11:0.9850588235294119,12:0.9780000000000001,13:0.9780000000000001,14:0.9986588235294117,15:0.9724470588235298,16:0.9705882352941182,17:0.9705882352941182,18:0.9705882352941182,19:0.9705882352941182,20:0.9705882352941182,21:0.9705882352941182,22:0.5882352941176472,
0:0.9992800000000001,1:0.9992800000000001,3:0.9999232941176466,2:0.9985411764705883,4:0.9969030588235291,5:0.9998588235294119,6:0.9997411764705882,7:0.9933482352941178,8:0.9999764705882352,9:0.9999764705882352,10:0.9999764705882352,11:0.9968941176470589,12:0.9874188235294123,13:0.9859364705882357,14:0.9859364705882357,15:0.9999905882352945,16:0.9999905882352945,17:0.9852894117647063,18:0.9705882352941182,19:0.029411764705882356,
0:0.9999976470588235,1:0.9999976470588235,2:0.9999764705882352,3:0.9999764705882352,4:0.9898449411764704,5:0.9854070588235295,6:0.9939058823529413,7:0.9998588235294118,8:0.9927011764705882,9:0.9927011764705882,10:0.985435294117647,11:0.9853835294117648,12:0.9955482352941182,13:0.9999905882352945,14:0.9705882352941182,15:0.9705882352941182,16:0.9705882352941182,17:0.9705882352941182,18:0.20588235294117646,
1:0.9998235294117648,0:0.9997937647058825,2:0.9999764705882352,3:0.9999764705882352,4:0.9926216470588232,5:0.9910117647058824,6:0.9999529411764707,7:0.9997835294117647,8:0.9998588235294118,9:0.9999764705882352,10:0.9999952941176471,11:0.9999952941176471,12:0.9959247058823529,13:0.9966305882352947,14:0.9999905882352945,15:0.9999905882352945,16:0.9999905882352945,17:0.9852423529411762,
0:0.9999976470588235,1:0.9999976470588235,2:0.9999011764705878,3:0.9896355294117645,4:0.9997176470588236,5:0.9926588235294118,6:0.9999529411764707,7:0.9999764705882352,8:0.9999764705882352,9:0.9917176470588235,10:0.9983388235294123,11:0.9919152941176476,12:0.9919152941176476,13:0.9919152941176476,14:0.9919152941176476,15:0.9919152941176476,16:0.3395882352941177,
0:0.9999976470588235,1:0.9992800000000001,2:0.9985411764705883,3:0.991067058823529,4:0.9923764705882354,5:0.9998588235294118,6:0.9993270588235296,7:0.9999529411764707,8:0.9999764705882352,9:0.9999764705882352,10:0.9988188235294118,11:0.9999717647058829,12:0.9926329411764712,13:0.9919152941176476,14:0.9919152941176476,15:0.9883600000000005,16:0.9999905882352945,17:0.14703058823529416,
0:0.9999976470588235,1:0.9999976470588235,2:0.9985411764705883,4:0.99841105882353,3:0.9869743529411763,5:1.0,6:0.9998352941176472,7:0.9996423529411765,8:0.9926588235294118,9:0.9993270588235293,10:0.9904705882352941,11:0.9982588235294119,12:0.9919152941176476,13:0.9919152941176476,14:0.9999905882352945,15:0.9999905882352945,16:0.9999905882352945,17:0.9852894117647063,18:0.14705882352941177,
0:0.9926470588235294,1:0.9926470588235294,2:0.9927058823529414,3:0.9930800000000001,4:0.9707764705882352,5:0.9888470588235294,6:0.9888470588235294,7:0.9888470588235294,8:0.9888470588235294,9:0.9881176470588235,10:0.9852941176470589,11:0.9852941176470589,12:0.9825647058823535,13:0.9705882352941182,14:0.9705882352941182,15:0.9705882352941182,16:0.9705882352941182,17:0.9705882352941182,18:0.5588235294117649,
0:0.9999999999999986,1:0.9961282352941176,2:0.9997176470588236,3:0.9997882352941176,4:0.9993270588235296,5:0.9853176470588237,6:0.9926823529411766,7:0.9925411764705887,8:0.9919152941176476,9:0.9919152941176476,10:0.9919152941176476,11:0.9919152941176476,12:0.9919152941176476,13:0.9919152941176476,14:0.5268258823529411,
1:0.9999999999999999,0:0.9999976470588235,2:0.9927011764705885,3:0.9924470588235297,4:0.9997176470588236,5:0.9998117647058824,6:0.9999529411764707,7:0.9999529411764707,8:0.9919623529411765,9:0.9995388235294123,10:0.9916988235294122,11:0.9999905882352945,12:0.9999905882352945,13:0.9999905882352945,14:0.9999905882352945,15:0.13234823529411766,
0:0.9999999999999999,1:0.9999999999999999,2:0.9926329411764707,3:0.9999905882352941,4:0.985289411764706,5:0.9850588235294119,6:0.9997176470588236,7:0.9997411764705882,8:0.9780000000000001,9:0.9999529411764707,10:0.9999764705882352,11:0.9999764705882352,12:0.9930117647058824,13:0.9720705882352947,14:0.9705882352941182,15:0.9705882352941182,16:0.9117647058823534,
0:0.9999976470588235,1:0.9999976470588235,2:0.9926329411764707,3:0.9999905882352941,4:0.985289411764706,5:0.9927529411764712,6:0.9780000000000001,7:0.9999529411764707,8:0.9998588235294119,9:0.9997176470588236,10:0.9997176470588236,11:0.9852000000000001,12:0.9999529411764707,13:0.985058823529412,14:0.9709882352941177,15:0.9705882352941182,16:0.9705882352941182,17:0.9705882352941182,18:0.8529411764705886,
0:0.9999976470588221,1:0.9997882352941175,2:0.9997176470588236,3:0.9997176470588236,4:0.9997176470588236,5:0.9999764705882352,6:0.9941741176470589,7:0.9931294117647058,8:0.9896658823529413,9:0.9999905882352945,10:0.9999905882352945,11:0.9999905882352945,12:0.9558399999999998,
1:0.9999999999999999,0:0.9977798823529413,2:0.985435294117647,3:0.9854776470588239,4:0.9997176470588236,5:0.9997176470588236,6:0.9997176470588236,7:0.9997176470588236,8:0.9997882352941176,9:0.9999764705882352,10:0.9999529411764707,11:0.9999764705882352,12:0.9932235294117647,13:0.9922117647058828,14:0.9999905882352945,15:0.9999905882352945,16:0.9999529411764704,17:0.04410352941176471,
1:0.9999999999999999,0:0.9999976470588235,2:0.9927011764705882,3:0.9867623529411765,4:0.9999905882352941,5:0.9927011764705882,6:0.985435294117647,7:0.9997176470588236,8:0.9997176470588236,9:0.9926588235294118,10:0.9927011764705882,11:0.9927011764705882,12:0.9999529411764707,13:0.9999529411764707,14:0.9999529411764707,15:0.9999529411764707,16:0.9999529411764707,17:0.9854352941176471,18:0.9920941176470592,19:0.9999905882352945,20:0.9999623529411764,21:0.04410352941176471,
0:0.9999976470588235,1:0.9999976470588235,4:0.9869051764705881,2:0.9999952941176471,3:0.9996917647058824,5:0.9943058823529415,6:0.9998588235294119,7:0.9997176470588236,8:0.9999011764705883,9:0.9941741176470589,10:0.9938329411764706,11:0.9927011764705882,12:0.9915011764705882,13:0.9907294117647065,14:0.9999905882352945,15:0.9999905882352945,16:0.9852894117647063,17:0.8529411764705886,
0:0.9976711764705889,1:0.9939976470588237,2:0.9879952941176471,3:0.9879952941176471,4:0.9914776470588238,5:0.9997176470588236,6:0.99976,7:0.9927011764705882,8:0.9927011764705882,9:0.9999529411764707,10:0.9999952941176471,11:0.9909647058823531,12:0.9940941176470595,13:0.9705882352941182,14:0.9705882352941182,15:0.9705882352941182,16:0.7058823529411767,
0:0.9999976470588235,1:0.9926705882352928,2:0.9911200000000001,3:0.9997176470588236,4:0.9956470588235296,5:0.9956470588235296,6:0.9956470588235296,7:0.9999011764705883,8:0.9911294117647063,9:0.9882352941176475,10:0.9882352941176475,11:0.9882352941176475,12:0.9872282352941182,13:0.5587952941176472,
0:0.9963529411764704,1:0.999958823529412,2:0.9997176470588236,3:0.9997176470588236,4:0.9998588235294119,5:0.9938329411764706,6:0.9999529411764707,7:0.9999529411764707,8:0.9928211764705882,9:0.9990094117647061,10:0.9926329411764712,11:0.9999905882352945,12:0.9999905882352945,13:0.9999905882352945,14:0.9852705882352942,
0:0.9999976470588235,1:0.9999976470588235,3:0.9999905882352942,2:0.9926329411764707,4:0.9993694117647061,5:0.9998094117647061,6:0.9997882352941176,7:0.9927011764705882,8:0.9999529411764707,9:0.9999529411764707,10:0.9976705882352941,11:0.9976705882352941,12:0.9863294117647058,13:0.9917364705882358,14:0.9999905882352945,15:0.9999905882352945,16:0.9999905882352945,17:0.9999905882352945,18:0.05881411764705883,
0:0.9999976470588235,1:0.9992788235294122,2:0.9985411764705883,3:0.9986809411764707,4:0.99976,5:0.9997176470588236,6:0.998242588235294,7:0.9927011764705882,8:0.9927011764705882,9:0.9986588235294117,10:0.9910823529411764,11:0.993717647058824,12:0.9926329411764712,13:0.9852894117647063,14:0.9705882352941182,15:0.9705882352941182,16:0.5294117647058825,
0:0.9999999999999999,1:0.9999999999999999,2:0.9999882352941172,3:0.9998065882352942,4:0.9999529411764707,5:0.9997176470588236,6:0.9970684705882352,7:0.9927011764705882,8:0.9927011764705882,9:0.9999529411764707,10:0.9999952941176471,11:0.99988,12:0.9911529411764711,13:0.9926329411764712,14:0.9705882352941182,15:0.9705882352941182,16:0.9705882352941182,17:0.9705882352941182,18:0.9705882352941182,19:0.14705882352941177,
0:0.9999976470588235,1:0.9999976470588235,3:0.9999952941176471,2:0.9999764705882352,4:0.9955691764705881,5:0.9999011764705883,6:0.9997176470588236,7:0.9997176470588236,8:0.9927011764705882,9:0.9927011764705882,10:0.9927011764705882,11:0.9941411764705883,12:0.9724470588235293,13:0.9999529411764712,14:0.9705882352941182,15:0.9705882352941182,16:0.9705882352941182,17:0.9705882352941182,18:0.9705882352941182,19:0.35294117647058826,
0:0.9999999999999999,1:0.9999999999999999,2:0.9926329411764707,3:0.9999905882352941,4:0.9999905882352941,5:0.9940941176470589,6:0.9795058823529412,7:0.9705882352941178,8:0.9705882352941178,9:0.9705882352941178,10:0.9705882352941178,11:0.9705882352941178,12:0.9705882352941178,13:0.970588235294118,14:0.9705882352941182,15:0.9705882352941182,16:0.9705882352941182,17:0.9705882352941182,18:0.9705882352941182,19:0.8529411764705886,
0:0.9962470588235284,1:0.9927764705882351,2:0.9997176470588236,3:0.9997176470588236,4:0.9997176470588236,5:0.9997858823529413,6:0.9972235294117646,7:0.9866823529411769,8:0.9926329411764712,9:0.9705882352941182,10:0.9705882352941182,11:0.9705882352941182,12:0.9705882352941182,13:0.9705882352941182,14:0.9705882352941182,15:0.08823529411764708,
0:0.9997270588235279,1:0.993363176470588,2:0.99976,3:0.9780000000000001,4:0.985435294117647,5:0.993858823529412,6:0.9792000000000005,7:0.9926329411764712,8:0.9926329411764712,9:0.9926329411764712,10:0.9926329411764712,11:0.8232470588235297,
1:0.9930000000000002,0:0.9928117647058825,2:0.9856235294117647,3:0.9999529411764709,4:0.9888235294117648,5:0.9855294117647059,6:0.9997176470588236,7:0.99976,8:0.9999529411764707,9:0.9999529411764707,10:0.9999529411764707,11:0.9999952941176471,12:0.9855999999999999,13:0.9944188235294117,14:0.9854352941176474,15:0.9999905882352945,16:0.9999905882352945,17:0.23529411764705882,
0:0.9999976470588235,1:0.9999976470588235,2:0.9999952941176471,3:0.9999952941176471,4:0.9856705882352942,5:0.985374117647059,6:0.9888235294117648,7:0.9997364705882353,8:0.9999952941176471,9:0.9999952941176471,10:0.99856,11:0.9985882352941177,12:0.9971482352941182,13:0.9999905882352945,14:0.9999905882352945,15:0.9999905882352945,16:0.23528470588235295,
1:0.9997176470588233,0:0.9999788235294116,2:0.9999952941176471,3:0.9999952941176471,4:0.9987576470588236,5:0.9885600000000001,6:0.9999011764705883,7:0.9886588235294118,8:0.9998117647058825,9:0.9999529411764707,10:0.9999952941176471,11:0.9999952941176471,12:0.9986117647058824,13:0.9883529411764712,14:0.9999905882352945,15:0.9999905882352945,16:0.9999905882352945,
1:0.9999976470588235,0:0.9994705882352942,2:0.9999764705882352,3:0.9999764705882352,4:0.9999764705882352,5:0.9987764705882353,6:0.9943247058823531,7:0.9919011764705883,8:0.9888235294117648,9:0.9881176470588235,10:0.9855294117647059,11:0.9999952941176471,12:0.9997882352941179,13:0.9999952941176471,14:0.9999952941176471,15:0.9999952941176471,16:0.9986588235294117,17:0.9956894117647063,18:0.9999905882352945,19:0.9999905882352945,20:0.9852894117647063,21:0.9705882352941182,22:0.5882352941176472,
0:0.9965270588235298,1:0.999367058823529,2:0.9998588235294118,3:0.9999529411764707,4:0.9885882352941178,5:0.9999952941176471,6:0.9986588235294117,7:0.9997835294117647,8:0.992677647058824,9:0.9999905882352945,10:0.9558588235294119,
0:0.9992800000000001,1:0.9992800000000001,3:0.9986117647058824,2:0.99856,4:0.9913576470588237,5:0.9888235294117648,6:0.9939058823529413,7:0.9998588235294119,8:0.9999764705882352,9:0.9999764705882352,10:0.9999529411764707,11:0.9984941176470588,12:0.9985600000000006,13:0.9999905882352945,14:0.9999905882352945,15:0.9999905882352945,16:0.9999905882352945,17:0.9999905882352945,18:0.9411764705882357,
0:0.9972345882352941,1:0.9927623529411768,2:0.9854305882352942,3:0.9926588235294118,4:0.9956235294117648,5:0.9885882352941178,6:0.9999905882352945,7:0.9999905882352945,8:0.9999905882352945,9:0.9116705882352931,
1:0.9928705882352942,0:0.9927058823529412,3:0.9999764705882352,4:0.9999764705882352,5:0.9999764705882352,6:0.9999764705882352,7:0.9999764705882352,2:0.9853835294117648,8:0.9999764705882352,9:0.9999764705882352,10:0.9984470588235295,11:0.9999529411764707,12:0.9943294117647059,13:0.9911764705882353,14:0.9929364705882354,15:0.9999011764705883,16:0.9999529411764707,17:0.9853176470588236,18:0.9915764705882353,19:0.9882588235294119,20:0.9940658823529415,21:0.9999905882352945,22:0.9999623529411764,23:0.20581647058823535,
0:0.9970567058823532,1:0.9999976470588235,2:0.9999764705882352,3:0.9987952941176471,4:0.9986117647058824,5:0.9956235294117648,6:1.0,7:0.9998776470588234,8:0.9998776470588234,9:0.9998776470588234,10:0.9999011764705883,11:0.9780000000000001,12:0.9780000000000001,13:0.9885882352941178,14:0.9707764705882352,15:0.9752235294117646,16:0.9705882352941182,17:0.9705882352941182,18:0.9705882352941182,19:0.9705882352941182,20:0.9705882352941182,21:0.9705882352941182,22:0.7058823529411767,
0:0.9997529411764704,1:0.9999270588235295,2:0.9999764705882352,3:0.9928,4:0.9928235294117649,5:0.9998305882352944,6:0.9997882352941176,7:0.9929364705882354,8:0.9997882352941176,9:0.9885882352941178,10:0.9885882352941178,11:0.9941411764705883,12:0.9965364705882356,13:0.9926329411764712,14:0.9926329411764712,15:0.9926329411764712,16:0.9926329411764712,17:0.9926329411764712,18:0.9852894117647063,19:0.17647058823529413,
0:0.9999976470588235,1:0.9999976470588235,3:0.9985882352941177,2:0.9985411764705883,4:0.9984188235294118,5:0.9854117647058824,6:0.9998588235294118,7:0.9780000000000001,8:0.9780000000000001,9:0.9885882352941178,10:0.9885882352941178,11:0.9999764705882352,12:0.9987529411764706,13:0.9985647058823535,14:0.9705882352941182,15:0.9705882352941182,16:0.9705882352941182,17:0.9705882352941182,18:0.9705882352941182,19:0.9705882352941182,20:0.9411764705882357,
0:0.9963058823529412,1:0.9963058823529412,5:0.9999764705882352,6:0.9999764705882352,3:0.9926117647058824,4:0.9926117647058824,2:0.9853176470588236,7:0.9926776470588239,8:0.9951294117647058,9:0.9928282352941177,10:0.9928282352941177,11:0.9997882352941176,12:0.9926117647058824,13:0.9926117647058824,14:0.9999952941176471,15:0.9913694117647058,16:0.9957647058823533,17:0.9854164705882358,18:0.9854164705882358,19:0.9854164705882358,20:0.9999905882352945,21:0.9852894117647063,22:0.9705882352941182,23:0.5588235294117649,
1:0.9999976470588235,0:0.9997923529411765,3:0.999811764705883,2:0.9943875294117647,4:0.9999411764705883,5:0.9996705882352942,6:0.9927011764705882,7:0.9927529411764706,8:0.9943764705882353,9:0.9971482352941179,10:0.9999905882352945,11:0.9999905882352945,12:0.9852894117647063,13:0.9705882352941182,14:0.9705882352941182,15:0.9705882352941182,16:0.9705882352941182,17:0.08823529411764708,
0:0.9999976470588235,1:0.9999388235294117,2:0.9883244705882356,3:0.9928235294117647,4:0.9997882352941176,5:0.9878823529411765,6:0.9855294117647058,7:0.9942117647058825,8:0.9853623529411769,9:0.9999905882352945,10:0.9705882352941182,11:0.9705882352941182,12:0.9705882352941182,13:0.9705882352941182,14:0.9705882352941182,15:0.2941176470588235,
0:0.9999999999999986,1:0.9963505882352942,2:0.9852941176470589,3:0.9852941176470589,4:0.999952941176471,5:0.9705882352941182,6:0.9705882352941182,7:0.9705882352941182,8:0.9705882352941182,9:0.9705882352941182,10:0.9705882352941182,11:0.9705882352941182,12:0.9705882352941182,13:0.05882352941176471,
0:0.9999976470588235,1:0.9999976470588235,2:0.9999952941176471,3:0.9999952941176471,4:0.9854117647058824,5:0.9928235294117647,6:0.9999952941176471,7:0.9999952941176471,8:0.9999952941176471,9:0.9912000000000006,10:0.9926329411764712,11:0.9852894117647063,12:0.9705882352941182,13:0.9705882352941182,14:0.9705882352941182,15:0.9705882352941182,16:0.9705882352941182,17:0.47058823529411775,
0:0.9999999999999999,1:0.9999999999999999,2:0.9985795294117633,3:0.9999529411764707,4:0.9999952941176471,5:0.9992616470588231,6:0.9999529411764707,7:0.9999905882352944,8:0.9999905882352945,9:0.9882291764705886,10:0.9705882352941182,11:0.9705882352941182,12:0.9705882352941182,13:0.9705882352941182,14:0.2647058823529412,
0:0.9999999999999988,1:0.9927882352941176,2:0.9927741176470588,3:0.9998823529411767,4:0.9999717647058829,5:0.9853623529411769,6:0.9999905882352945,7:0.9999905882352945,8:0.9999905882352945,9:0.9999905882352945,10:0.9999905882352945,11:0.4117552941176471,
0:0.999402705882353,1:0.9999576470588231,2:0.9927011764705882,3:0.9927011764705882,4:0.9999529411764707,5:0.9999529411764707,6:0.9988941176470587,7:0.9988941176470587,8:0.9997129411764706,9:0.9999529411764712,10:0.9926329411764712,11:0.9926329411764712,12:0.9999905882352945,13:0.9558305882352939,
1:0.9999999999999999,0:0.9999976470588235,2:0.9927011764705882,3:0.9999905882352941,4:0.9999905882352941,5:0.9705882352941178,6:0.9705882352941178,7:0.9853411764705887,8:0.9780000000000001,9:0.9999529411764707,10:0.9999529411764707,11:0.9955764705882353,12:0.9999529411764707,13:0.9881882352941177,14:0.9881882352941177,15:0.985435294117647,16:0.9797176470588235,17:0.9797176470588235,18:0.9881882352941183,19:0.8235294117647063,
0:0.9999999999999999,1:0.9999999999999999,2:0.9911689411764705,4:0.9854776470588233,3:0.9999905882352941,5:0.9928470588235297,6:0.9999529411764707,7:0.9955764705882353,8:0.9940705882352942,9:0.9881882352941177,10:0.9940941176470589,11:0.9999905882352941,12:0.9999905882352941,13:0.985435294117647,14:0.9856235294117647,15:0.3530164705882354,
0:0.9999976470588235,1:0.9999976470588235,2:0.9999952941176471,3:0.9999952941176471,4:0.9999858823529411,5:0.9987065882352935,6:0.9999858823529412,7:0.9914795294117644,8:0.9999764705882352,9:0.9999529411764707,10:0.9999952941176471,11:0.9999952941176471,12:0.9999952941176471,13:0.9854776470588233,14:0.9934352941176475,15:0.8020894117647052,
0:0.999440117647059,1:0.999261529411765,2:0.9999952941176471,3:0.9999952941176471,4:0.9999952941176471,5:0.9999952941176471,6:0.9999952941176469,7:0.9855999999999999,8:0.9999764705882352,9:0.9999764705882352,10:0.9999952941176471,11:0.9999952941176471,12:0.9999952941176471,13:0.9854776470588233,14:0.9855294117647059,15:0.8239199999999992,
0:0.9999976470588235,1:0.9941169411764706,2:0.9999952941176471,3:0.9999952941176471,5:0.9927247058823533,4:0.9854776470588233,6:1.0,7:0.9927011764705882,8:0.9927011764705882,9:0.9927011764705882,10:0.9999529411764707,11:0.9999952941176471,12:0.9999952941176471,13:0.9882588235294116,14:0.9981882352941177,15:0.9891199999999994,16:0.04410352941176471,
0:0.9999976470588235,1:0.9963217647058826,4:0.9853882352941177,2:0.9999952941176471,3:0.9999952941176471,5:0.9965882352941178,6:0.9927011764705882,7:0.9999529411764707,8:0.9999952941176471,9:0.9999952941176471,10:0.9882588235294116,11:0.9978352941176473,12:0.835764705882353,
0:0.9963217647058826,1:0.9999976470588235,2:0.9999952941176471,3:0.9999952941176471,4:0.996588235294118,5:0.9967058823529411,6:0.9868941176470588,7:0.9927011764705882,8:0.9927011764705882,9:0.9927011764705882,10:0.9999529411764707,11:0.9999952941176471,12:0.9999952941176471,13:0.9965176470588236,14:0.987105882352941,15:0.8605882352941175,
0:0.9999976470588235,1:0.9999976470588235,2:0.9999529411764703,3:0.998691294117647,4:0.9899404705882352,5:0.9927011764705882,6:0.9927011764705882,7:0.9999529411764707,8:0.9999952941176471,9:0.9854776470588233,10:0.9854776470588235,11:0.8821411764705882,
0:0.9998235294117648,1:0.9998235294117648,5:0.9998776470588234,2:0.9998199999999998,6:0.9927011764705882,7:0.9926823529411761,3:0.9924705882352942,4:0.9924705882352942,8:0.9925882352941177,9:0.9924705882352942,10:0.9924705882352942,11:0.9998776470588234,12:0.9927011764705882,13:0.9927011764705882,14:0.9927011764705882,15:0.9967529411764706,16:0.9890352941176475,17:0.42928941176470603,
1:0.9998823529411764,0:0.9998235294117646,3:0.9986103529411764,2:0.9985807058823527,4:0.9985710588235295,5:0.9996470588235296,6:0.9971108235294116,7:0.9927011764705882,8:0.9999529411764707,9:0.9999529411764707,10:0.998550588235294,11:0.9985882352941177,12:0.9889129411764709,13:0.058804705882352946,
0:0.9999976470588235,1:0.9999976470588235,2:0.9999764705882352,3:0.9957023529411761,4:0.999858823529412,5:0.9999529411764707,6:0.9927011764705882,7:0.9999529411764707,8:0.9999764705882352,9:0.9999764705882352,10:0.9999952941176471,11:0.9705835294117646,12:0.9561176470588234,13:0.9967529411764706,14:0.9612470588235298,15:0.6564,
1:0.9998235294117646,0:0.9997999999999999,3:0.999893411764706,2:0.9926670588235291,4:0.9999435294117648,5:0.9998588235294119,6:0.9997882352941176,7:0.9927011764705882,8:0.9927011764705882,9:0.9927011764705882,10:0.9999764705882352,11:0.9958305882352941,12:0.9938823529411767,13:0.19117176470588235,
0:0.9926470588235294,1:0.9926470588235294,2:0.9780000000000001,3:0.9780000000000001,4:0.9780000000000001,5:0.9780000000000001,6:0.9928682352941179,7:0.9928235294117647,8:0.9780000000000001,9:0.9780000000000001,10:0.9780000000000001,11:0.9780000000000001,12:0.9780000000000001,13:0.9780000000000001,14:0.9780000000000001,15:0.9705317647058825,16:0.8823529411764706,17:0.8823529411764706,18:0.8823529411764706,19:0.29411764705882354,
0:0.9926470588235294,1:0.9926470588235294,2:0.9780000000000001,3:0.9780000000000001,4:0.9780000000000001,5:0.9780000000000001,6:0.9780000000000001,7:0.9853882352941178,8:0.9855294117647059,9:0.9855294117647059,10:0.9780000000000001,11:0.9780000000000001,12:0.9780000000000001,13:0.9780000000000001,14:0.9780000000000001,15:0.9999435294117649,16:0.8823529411764706,17:0.8823529411764706,18:0.8823529411764706,19:0.8823529411764706,20:0.4265176470588235,
0:0.9999999999999999,1:0.9999999999999999,3:0.9929882352941178,2:0.9985807058823527,4:0.9738588235294119,5:0.9780000000000001,6:0.9780000000000001,7:0.9780000000000001,8:0.9780000000000001,9:0.9780000000000001,10:0.9780000000000001,11:0.987105882352941,12:0.9796470588235294,13:0.20588235294117646,
0:0.9854564705882356,1:0.9746235294117649,2:0.9646823529411767,3:0.9525176470588238,4:0.9940941176470589,5:0.9780000000000001,6:0.9780000000000001,7:0.9780000000000001,8:0.9780000000000001,9:0.9780000000000001,10:0.987105882352941,11:0.987105882352941,12:0.987105882352941,13:0.9943764705882353,14:0.45872941176470594,
0:0.9928800000000001,1:0.9946035294117647,2:0.9855294117647059,3:0.9780000000000001,4:0.9780000000000001,5:0.9780000000000001,6:0.9780000000000001,7:0.9780000000000001,8:0.9780000000000001,9:0.9558823529411765,10:0.9855294117647059,11:0.9928235294117647,12:0.9780000000000001,13:0.9780000000000001,14:0.9780000000000001,15:0.9780000000000001,16:0.9558823529411765,17:0.9558823529411765,18:0.985435294117647,19:0.987105882352941,20:0.987105882352941,21:0.5781176470588235,
0:0.9999999999999999,1:0.9999999999999999,2:0.997194352941176,3:0.9857835294117648,4:0.9928235294117647,5:0.9780000000000001,6:0.9780000000000001,7:0.9780000000000001,8:0.9780000000000001,9:0.9780000000000001,10:0.9780000000000001,11:0.9927529411764706,12:0.987105882352941,13:0.987105882352941,14:0.9856235294117647,15:0.42647058823529427,
0:0.997226823529412,1:0.9962976470588236,2:0.9927011764705882,3:0.9927011764705882,4:0.985435294117647,5:0.9988941176470587,6:0.9988941176470587,7:0.989425882352941,8:0.49114352941176487,
0:0.9999964705882357,1:0.9977916470588238,2:0.9780000000000001,3:0.9780000000000001,4:0.9780000000000001,5:0.9780000000000001,6:0.9780000000000001,7:0.978164705882353,8:0.9780000000000001,9:0.9780000000000001,10:0.9780000000000001,11:0.9780000000000001,12:0.9780000000000001,13:0.9558823529411765,14:0.9558823529411765,15:0.9426588235294118,16:0.9426588235294118,17:0.987105882352941,18:0.987105882352941,19:0.5872705882352941,
0:0.9999764705882352,1:0.9999764705882352,2:0.9780000000000001,3:0.9780000000000001,4:0.9780000000000001,5:0.9927058823529412,6:0.9853647058823529,7:0.9780000000000001,8:0.9780000000000001,9:0.9780000000000001,10:0.9780000000000001,11:0.9780000000000001,12:0.9999764705882352,13:0.985435294117647,14:0.987105882352941,15:0.5764941176470589,
1:0.9999976470588235,0:0.9993435294117647,2:0.9927011764705882,3:0.9780000000000001,4:0.9780000000000001,5:0.9780000000000001,6:0.9708235294117649,7:0.9850588235294119,8:0.9996470588235294,9:0.9780000000000001,10:0.9780000000000001,11:0.9780000000000001,12:0.9780000000000001,13:0.9780000000000001,14:0.9852941176470589,15:0.985435294117647,16:0.8935058823529415,
0:0.9926470588235294,1:0.9890470588235295,2:0.9857176470588237,3:0.9854117647058825,4:0.9780000000000001,5:0.9780000000000001,6:0.9780000000000001,7:0.9780000000000001,8:0.9852941176470589,9:0.985435294117647,10:0.987105882352941,11:0.9929152941176471,12:0.8117882352941178,
0:0.9999999999999999,1:0.9999999999999999,2:0.9988759999999997,3:0.9999823529411764,4:0.9999131764705881,5:0.9868192941176468,6:0.9780000000000001,7:0.985435294117647,8:0.987105882352941,9:0.9943529411764707,10:0.8411717647058825,
0:0.9999764705882352,1:0.9999764705882352,2:0.9985783529411758,3:0.9941687058823524,4:0.9780000000000001,5:0.9977411764705885,6:0.9999529411764707,7:0.9780000000000001,8:0.9780000000000001,9:0.9780000000000001,10:0.9780000000000001,11:0.9855294117647058,12:0.999623529411765,13:0.9994823529411767,14:0.6440352941176472,
0:0.9948518823529413,1:0.9926470588235294,2:0.9852941176470589,3:0.9998588235294122,4:0.9780000000000001,5:0.9780000000000001,6:0.9780000000000001,7:0.9999529411764707,8:0.9999529411764707,9:0.9855294117647058,10:0.987105882352941,11:0.987105882352941,12:0.999623529411765,13:0.9998588235294118,14:0.9774752941176474,
0:0.9999976470588235,1:0.995586823529412,3:0.9852941176470589,4:0.9852941176470589,5:0.9852941176470589,2:0.9780000000000001,6:0.9853411764705885,7:0.9780000000000001,8:0.9999529411764707,9:0.9999529411764707,10:0.9999529411764707,11:0.9999529411764707,12:0.986870588235294,13:0.9849647058823531,14:0.9865835294117654,
0:0.9999976470588235,1:0.9999976470588235,2:0.9999529411764705,3:0.9927011764705882,4:0.9780000000000001,5:0.9999529411764707,6:0.9852941176470589,7:0.9997176470588238,8:0.9995764705882355,9:0.9395129411764713,
1:0.9995294117647059,0:0.9993364705882352,2:0.9925764705882355,3:0.9922941176470594,4:0.992284705882353,5:0.999364705882353,6:0.9925858823529413,7:0.9925858823529413,8:0.9925858823529413,9:0.9925858823529413,10:0.9925858823529413,11:0.9925858823529413,12:0.9925858823529413,13:0.9925858823529413,14:0.9925858823529413,15:0.9997364705882356,16:0.13232000000000002,
0:0.9999976470588235,1:0.9926470588235294,2:0.9780000000000001,3:0.9780000000000001,4:0.9984470588235298,5:0.9780000000000001,6:0.9780000000000001,7:0.9780000000000001,8:0.9999529411764707,9:0.9999529411764707,10:0.9999529411764707,11:0.9999529411764707,12:0.9705411764705882,13:0.9705411764705882,14:0.9717176470588236,15:0.21628235294117648,
0:0.9999764705882352,1:0.9999764705882352,2:0.9927011764705882,3:0.9927011764705882,4:0.9927011764705882,5:0.9927011764705882,6:0.9855247058823529,7:0.9927011764705882,8:0.9927011764705882,9:0.95736,10:0.9426588235294118,11:0.9426588235294118,12:0.9426588235294118,13:0.8823529411764706,14:0.8823529411764706,15:0.9268,16:0.662,
0:0.9999764705882352,1:0.9999764705882352,3:0.9927435294117646,2:0.9927011764705882,4:0.9855552941176466,5:0.9999764705882352,6:0.9927011764705882,7:0.9927011764705882,8:0.9927011764705882,9:0.9927011764705882,10:0.9780000000000001,11:0.9780000000000001,12:0.9925858823529413,13:0.9976705882352941,14:0.7570988235294117,
0:0.9999999999999999,1:0.9999999999999999,2:0.9931035294117649,3:0.9851811764705882,4:0.9780000000000001,5:0.9780000000000001,6:0.9780000000000001,7:0.9780000000000001,8:0.9780000000000001,9:0.9927529411764706,10:0.987105882352941,11:0.987105882352941,12:0.9975035294117648,13:0.8011458823529412,
0:0.9999976470588235,1:0.9999976470588235,12:0.9926329411764707,7:0.9852941176470589,8:0.9852941176470589,9:0.9852941176470589,10:0.9852941176470589,11:0.9852941176470589,2:0.9780000000000001,3:0.9780000000000001,4:0.9780000000000001,5:0.9780000000000001,6:0.9780000000000001,13:0.9852941176470589,14:0.9780000000000001,15:0.9780000000000001,16:0.9780000000000001,17:0.9780000000000001,18:0.9780000000000001,19:0.9852941176470589,20:0.9852941176470589,21:0.9852941176470589,22:0.9852941176470589,23:0.9852941176470589,24:0.9926329411764707,25:0.9926329411764707,26:0.7941364705882358,
0:0.9999976470588235,1:0.9999541176470575,2:0.9940023529411764,3:0.9942823529411765,4:0.9780000000000001,5:0.9780000000000001,6:0.9780000000000001,7:0.9855294117647058,8:0.987105882352941,9:0.987105882352941,10:0.9868470588235294,11:0.44095058823529404,
0:0.9999976470588235,1:0.9999976470588235,4:0.9853858823529412,2:0.9780000000000001,3:0.9780000000000001,5:0.9999764705882352,6:0.997174117647059,7:0.9926352941176472,8:0.9926352941176472,9:0.9852941176470589,10:0.9999717647058824,11:0.9999717647058824,12:0.9779270588235295,13:0.9707764705882352,14:0.9875529411764704,
0:0.9963217647058826,1:0.9926470588235294,2:0.9926352941176472,3:0.9926352941176472,4:0.9926352941176472,5:0.9782117647058823,6:0.9972235294117648,7:0.9780000000000001,8:0.9999529411764707,9:0.9780000000000001,10:0.9780000000000001,11:0.9925858823529413,12:0.9803741176470588,13:0.9999717647058824,14:0.9544470588235294,15:0.9544470588235294,16:0.9561176470588234,17:0.9988941176470587,18:0.987105882352941,19:0.18091764705882354,
0:0.9999764705882352,1:0.9965258823529412,2:0.9996000000000004,3:0.9868941176470588,4:0.9927011764705882,5:0.9927011764705882,6:0.9927011764705882,7:0.9999529411764707,8:0.9999529411764707,9:0.9781623529411764,10:0.987105882352941,11:0.9871717647058824,12:0.2587082352941177,
0:0.9955164705882353,1:0.9994705882352942,2:0.9927011764705882,3:0.9927011764705882,4:0.9927011764705882,5:0.9927011764705882,6:0.9780000000000001,7:0.9780000000000001,8:0.9780000000000001,9:0.9780000000000001,10:0.992209411764706,11:0.9848235294117648,12:0.9848235294117648,13:0.9848235294117648,14:0.9848235294117648,15:0.9848235294117648,16:0.9848235294117648,17:0.9780000000000001,18:0.9780000000000001,19:0.9780000000000001,20:0.9583294117647059,21:0.9558823529411765,22:0.9558823529411765,23:0.9412235294117647,24:0.9268,25:0.3383294117647059,
0:0.9999976470588235,1:0.9926470588235294,2:0.9999764705882352,3:0.9999764705882352,4:0.9999764705882352,6:0.9929176470588238,5:0.9856235294117647,7:0.9927999999999999,8:0.9926352941176471,9:0.9999764705882352,10:0.9999764705882352,11:0.9941741176470589,12:0.9780000000000001,13:0.9780000000000001,14:0.9780000000000001,15:0.9780000000000001,16:0.985435294117647,17:0.9856235294117647,18:0.8089152941176474,
1:0.9999999999999999,0:0.9999976470588235,2:0.9999905882352941,3:0.9882322352941176,4:0.9999905882352941,5:0.9927529411764706,6:0.9780000000000001,7:0.9999529411764707,8:0.9999529411764707,9:0.9999529411764707,10:0.9867529411764705,11:0.9720705882352941,12:0.9720705882352941,13:0.9705882352941178,14:0.985435294117647,15:0.32352941176470584,
0:0.9999976470588235,1:0.991929411764706,3:0.9838588235294118,4:0.9838588235294118,2:0.9941741176470589,5:0.9795529411764711,6:0.9780000000000001,7:0.9999764705882352,8:0.9926352941176472,9:0.9838588235294118,10:0.9720705882352941,11:0.9720705882352941,12:0.9720705882352941,13:0.9705882352941178,14:0.9705882352941178,15:0.647058823529412,
0:0.9999999999999999,1:0.9999999999999999,4:0.9956927058823529,5:0.9856235294117647,2:0.9853494117647057,3:0.9941741176470589,6:0.985529411764706,7:0.9927011764705882,8:0.9780000000000001,9:0.9780000000000001,10:0.9999529411764707,11:0.9999529411764707,12:0.9999529411764707,13:0.9999529411764707,14:0.9853176470588235,15:0.9753176470588234,16:0.35294117647058826,
0:0.9999976470588235,1:0.9992800000000001,2:0.9971108235294116,3:0.9927011764705882,4:0.9927011764705882,5:0.9986870588235297,6:0.9927011764705882,7:0.9927011764705882,8:0.9927011764705882,9:0.9999529411764707,10:0.9999529411764707,11:0.9999529411764707,12:0.9999764705882352,13:0.9927858823529412,14:0.9708235294117649,15:0.08823529411764708,
1:0.9999976470588235,0:0.998510705882353,2:0.9853176470588235,3:0.9985835294117648,4:0.9926117647058824,5:0.9926117647058824,6:0.9999764705882352,7:0.9999764705882352,8:0.9999764705882352,9:0.9999764705882352,10:0.9999764705882352,11:0.9999952941176471,12:0.9852941176470589,13:0.9855294117647058,14:0.17943529411764705,
0:0.9933820000000001,1:0.9926470588235294,2:0.9941741176470589,3:0.9941741176470589,4:0.9941741176470589,5:0.9780000000000001,6:0.9780000000000001,7:0.9633411764705883,8:0.9780000000000001,9:0.9780000000000001,10:0.9780000000000001,11:0.9780000000000001,12:0.9780000000000001,13:0.9558823529411765,14:0.9426588235294118,15:0.9426588235294118,16:0.9426588235294118,17:0.8823529411764706,18:0.8823529411764706,19:0.8823529411764706,20:0.8823529411764706,21:0.29411764705882354,
0:0.9999964705882357,1:0.9963217647058826,2:0.9850823529411761,3:0.9850823529411765,4:0.9999764705882352,5:0.9999764705882352,6:0.9999764705882352,7:0.9852941176470589,8:0.9852941176470589,9:0.9852941176470589,10:0.9705882352941178,11:0.9705882352941178,12:0.9705882352941178,13:0.823529411764706,
0:0.9992800000000001,1:0.9992800000000001,3:0.9927435294117646,2:0.9927011764705882,4:0.9985035294117649,5:0.9927011764705882,6:0.9927011764705882,7:0.9999952941176471,8:0.99856,9:0.99856,10:0.9838588235294118,11:0.985435294117647,12:0.9856235294117647,13:0.9708705882352943,14:0.029411764705882356,
0:0.9999976470588235,1:0.9999976470588235,2:0.9985148235294117,3:0.9852941176470589,4:0.9926352941176472,5:0.9852941176470589,6:0.9852941176470589,7:0.9855294117647059,8:0.9852941176470589,9:0.9852941176470589,10:0.9852941176470589,11:0.9926329411764707,12:0.9705882352941178,13:0.9705882352941178,14:0.9705882352941178,15:0.9705882352941178,16:0.9705882352941178,17:0.4266117647058824,
0:0.9926643529411765,1:0.991929411764706,2:0.9780000000000001,3:0.9985388235294116,4:0.9983529411764708,5:0.9968941176470587,6:0.9985411764705883,7:0.999974117647059,8:0.996329411764706,9:0.9926329411764707,10:0.9926329411764707,11:0.9852658823529413,12:0.9043976470588236,13:0.8823529411764706,14:0.853035294117647,
0:0.9998408235294118,1:0.9935930588235296,3:0.9985411764705883,4:0.9985411764705883,5:0.9985411764705883,6:0.9985411764705883,2:0.9910117647058824,7:0.9968705882352942,8:0.9983294117647058,9:0.9999764705882352,10:0.9852941176470589,11:0.9777647058823531,12:0.999694117647059,13:0.9838588235294118,14:0.9881882352941177,15:0.9881882352941177,16:0.9705882352941178,17:0.9854352941176471,
0:0.9999976470588235,1:0.9999976470588235,2:0.9999529411764705,3:0.9894919999999994,4:0.9998776470588236,5:0.9999764705882352,6:0.9999764705882352,7:0.9999764705882352,8:0.9955764705882353,9:0.9881882352941177,10:0.9999529411764705,11:0.985289411764706,12:0.9705882352941178,13:0.9411764705882357,
0:0.9999964705882357,1:0.995586823529412,2:0.9999764705882352,3:0.9869411764705882,4:0.9999058823529412,5:0.9983529411764707,6:0.9983529411764707,7:0.9983529411764707,8:0.9852941176470589,9:0.9852941176470589,10:0.9852941176470589,11:0.9852941176470589,12:0.9852941176470589,13:0.9854117647058824,14:0.5087717647058825,
0:0.9999976470588235,1:0.9999976470588235,2:0.9999764705882352,3:0.9999764705882352,5:0.9895999999999998,4:0.9853176470588235,6:0.9983435294117647,7:0.9780000000000001,8:0.9983529411764707,9:0.9983529411764707,10:0.9983529411764707,11:0.9983529411764707,12:0.9999764705882352,13:0.99868,14:0.8027294117647062,
1:0.9999764705882352,0:0.9992989411764708,5:0.9954809411764703,2:0.9927011764705882,3:0.9927011764705882,4:0.9927011764705882,6:0.9998117647058824,7:0.9941882352941177,8:0.9927011764705882,9:0.9927011764705882,10:0.9927011764705882,11:0.9927011764705882,12:0.9927011764705882,13:0.9999529411764707,14:0.9865835294117646,15:0.3088188235294117,
1:0.9999976470588235,0:0.9999764705882352,2:0.9970684705882351,4:0.9855247058823529,3:0.9853835294117648,5:0.9997176470588235,6:0.9926588235294117,7:0.9706823529411766,8:0.9706823529411766,9:0.9706823529411766,10:0.9706823529411766,11:0.9999764705882352,12:0.9999764705882352,13:0.9999764705882352,14:0.9999764705882352,15:0.986870588235294,16:0.7058588235294121,
1:0.9998117647058824,0:0.9994327058823531,3:0.9956110588235294,4:0.9927764705882353,2:0.9926117647058824,5:0.9853882352941177,6:0.9780000000000001,7:0.9706823529411766,8:0.9706823529411766,9:0.9706823529411766,10:0.9706823529411766,11:0.9852941176470589,12:0.9852941176470589,13:0.9852941176470589,14:0.9958823529411766,15:0.9750352941176477,16:0.11764705882352942,
1:0.9999976470588235,0:0.9999764705882352,3:0.9999764705882352,4:0.9853176470588235,2:0.9706823529411766,5:1.0,6:0.9780000000000001,7:0.9780000000000001,8:0.9706823529411766,9:0.9999529411764707,10:0.9926352941176472,11:0.9852941176470589,12:0.9852941176470589,13:0.9852941176470589,14:0.9852941176470589,15:0.9941411764705883,16:0.9868705882352943,17:0.3823529411764706,
0:0.9999764705882352,1:0.9999764705882352,2:0.9999764705882352,4:0.9999764705882352,3:0.9986588235294117,5:0.9896611764705885,6:0.9927011764705882,7:0.9999011764705883,8:0.9999529411764707,9:0.9999952941176471,10:0.9852941176470589,11:0.9852941176470589,12:0.9852941176470589,13:0.9852941176470589,14:0.9928211764705882,15:0.8118564705882356,
0:0.9999764705882352,1:0.9999764705882352,3:0.9999764705882352,4:0.9999764705882352,2:0.9999529411764707,5:0.9913788235294118,6:0.9780000000000001,7:0.9780000000000001,8:0.9999529411764707,9:0.9980705882352942,10:0.9980705882352942,11:0.9980705882352942,12:0.9980705882352942,13:0.9852941176470589,14:0.9852941176470589,15:0.9852941176470589,16:0.984,17:0.3676941176470589,
1:0.9999976470588235,0:0.9999764705882352,2:0.9999764705882352,3:0.9999764705882352,4:0.9999764705882352,5:0.9999764705882352,6:0.994236,7:0.9980705882352942,8:0.9980705882352942,9:0.9980705882352942,10:0.9980705882352942,11:0.9999952941176471,12:0.9999952941176471,13:0.9999858823529411,14:0.9558823529411765,15:0.9352705882352942,16:0.8090588235294117,
0:0.997111411764706,1:0.9927388235294118,2:0.9999764705882352,3:0.9999764705882352,4:0.9999764705882352,5:0.9927035294117647,6:0.9999764705882354,7:0.9927011764705882,8:0.9980705882352942,9:0.9980705882352942,10:0.9999764705882352,11:0.9927529411764706,12:0.9999764705882352,13:0.9999952941176471,14:0.9999952941176471,15:0.9999858823529411,16:0.9999858823529411,17:0.44269647058823525,
0:0.9999858823529414,1:0.9999858823529414,2:0.9999623529411761,3:0.9999529411764705,4:0.9927011764705882,5:0.9927011764705882,6:0.9980611764705881,7:0.9999858823529411,8:0.9999858823529411,9:0.9999623529411761,10:0.9999623529411761,11:0.8970541176470588,12:0.8823529411764706,13:0.8823529411764706,14:0.8823529411764706,15:0.8823529411764706,16:0.29411764705882354,
0:0.9999964705882357,1:0.9994197647058823,2:0.9999847058823528,3:0.9941051764705883,4:0.9927011764705882,5:0.9927011764705882,6:0.9980705882352942,7:0.9980705882352942,8:0.9558823529411765,9:0.9558823529411765,10:0.9558823529411765,11:0.9558823529411765,12:0.9558823529411765,13:0.9558823529411765,14:0.22058823529411764,
0:0.9999894117647063,1:0.9997702352941178,2:0.9927011764705882,3:0.9927011764705882,4:0.9927011764705882,5:0.9930588235294119,6:0.9927011764705882,7:0.9780000000000001,8:0.9980705882352942,9:0.9852941176470589,10:0.9852941176470589,11:0.9852941176470589,12:0.9852941176470589,13:0.9913176470588234,14:0.05882352941176471,
1:0.9999764705882352,0:0.9998235294117648,6:0.9927529411764706,2:0.9941741176470589,3:0.9927011764705882,4:0.9927011764705882,5:0.9927011764705882,7:0.9999764705882354,8:0.9780000000000001,9:0.9780000000000001,10:0.9780000000000001,11:0.9780000000000001,12:0.9780000000000001,13:0.9980705882352942,14:0.9964235294117647,15:0.759388235294118,
0:0.9974384705882353,1:0.9967035294117648,4:0.9999764705882352,10:0.9999764705882352,11:0.9999764705882352,5:0.9927011764705882,6:0.9927011764705882,7:0.9927011764705882,8:0.9927011764705882,9:0.9927011764705882,2:0.9928682352941176,3:0.9928682352941176,12:0.9999529411764705,13:0.9999529411764705,14:0.9999529411764705,15:0.9999529411764705,16:0.9999764705882352,17:0.9999764705882352,18:0.9999764705882352,19:0.9999764705882352,20:0.9999764705882352,21:0.9999764705882352,22:0.9857411764705882,23:0.9928682352941176,24:0.9708235294117646,25:0.9999764705882352,26:0.9999764705882352,27:0.9999764705882352,28:0.9999764705882352,29:0.9999764705882352,30:0.9999764705882352,31:0.9999764705882352,32:0.9999764705882352,33:0.9999764705882352,34:0.9999764705882352,35:0.9780000000000001,36:0.9780000000000001,37:0.998494117647059,38:0.9818823529411764,39:0.2812,
0:0.9999952941176471,1:0.9999858823529414,2:0.9985807058823527,3:0.9927011764705882,4:0.9927858823529413,5:0.9999764705882352,6:0.9999764705882352,7:0.9999764705882352,8:0.9999764705882352,9:0.9999764705882352,10:0.9999764705882352,11:0.9871764705882351,12:0.9895999999999999,13:0.8251035294117643,
0:0.9994941176470589,1:0.9958235294117647,3:0.9927011764705882,2:0.9923529411764708,6:0.9999952941176473,5:0.9999952941176471,4:0.9780000000000001,7:0.992164705882353,8:0.999694117647059,9:0.9999764705882352,10:0.9999764705882352,11:0.9999764705882352,12:0.9999764705882352,13:0.9999764705882352,14:0.9998588235294116,15:0.9905411764705883,16:0.3823529411764706,
1:0.9999764705882352,0:0.9977916470588238,4:0.9928235294117647,2:0.9937976470588236,3:0.9927011764705882,5:0.9928705882352944,6:0.9999764705882352,7:0.9999764705882352,8:0.9999764705882352,9:0.9999764705882352,10:0.9928188235294116,11:0.9998588235294116,12:0.9981176470588234,13:0.5440705882352943,
0:0.9999976470588235,1:0.9999976470588235,5:0.9999969411764701,2:0.9999764705882352,3:0.9999764705882352,4:0.9985835294117646,6:0.9999764705882352,7:0.9999764705882352,8:0.9999764705882352,9:0.9999764705882352,10:0.9999764705882352,11:0.9942910588235293,12:0.9997835294117645,13:0.9947858823529412,14:0.7058729411764705,
0:0.9999976470588235,1:0.996399411764706,2:0.99272,3:0.9999764705882352,4:0.9999764705882352,5:0.985435294117647,6:0.9943999999999998,7:0.9891058823529414,8:0.8980941176470584,
0:0.9999976470588235,1:0.9999764705882352,4:0.9999905882352941,3:0.9999717647058823,2:0.9999529411764705,5:0.998571294117647,6:1.0,7:0.9999764705882352,8:0.9999764705882352,9:0.9999764705882352,10:0.9999764705882352,11:0.9999764705882352,12:0.9999764705882352,13:0.989513882352941,14:0.9982541176470586,15:0.9939058823529411,16:0.9998588235294118,17:0.9853788235294122,18:0.13231058823529412,
1:0.9999976470588235,0:0.9997035294117648,4:0.9997176470588233,2:0.9985411764705883,3:0.9985411764705883,5:0.9996423529411765,6:0.9927529411764706,7:0.9999764705882352,8:0.9999764705882352,9:0.9999764705882352,10:0.9999764705882352,11:0.9999764705882352,12:0.9999764705882352,13:0.9999764705882352,14:0.9852,15:0.6815764705882356,
0:0.9999976470588235,1:0.9934023529411765,2:0.9938682352941175,3:0.9999764705882352,4:0.9999764705882352,5:0.9999764705882352,6:0.9999764705882352,7:0.9999764705882352,8:0.9944423529411762,9:0.9925411764705883,10:0.9891529411764707,11:0.6869364705882356,
0:0.9999976470588235,1:0.9999976470588235,2:0.9985807058823527,3:0.9985807058823527,5:0.9930823529411766,4:0.9960941176470588,6:0.9998305882352942,7:0.9999764705882352,8:0.9926117647058824,9:0.9999764705882352,10:0.9999764705882352,11:0.9999764705882352,12:0.9999764705882352,13:0.9999764705882352,14:0.9999764705882352,15:0.9999764705882352,16:0.9927247058823531,17:0.7243200000000002,
1:0.9998315294117646,0:0.999310705882353,2:0.9970858823529405,3:0.9997882352941175,4:0.9926352941176471,5:0.9999764705882352,6:0.9999764705882352,7:0.985435294117647,8:0.9997835294117645,9:0.9954117647058822,10:0.5845458823529415,
0:0.9999976470588235,1:0.995586823529412,2:0.9999764705882352,3:0.9999764705882352,4:0.9999764705882352,6:0.9943529411764706,5:0.9854776470588233,7:0.9853364705882353,8:0.9926776470588236,9:0.9999764705882352,10:0.9999764705882352,11:0.9999764705882352,12:0.9999764705882352,13:0.9999764705882352,14:0.9854776470588233,15:0.9984235294117647,16:0.4890164705882354,
0:0.9999976470588235,1:0.9999764705882352,2:0.9999529411764707,3:0.9999529411764707,4:0.991197176470588,5:0.9940894117647054,6:0.9999529411764705,7:0.9999764705882352,8:0.9999764705882352,9:0.9999764705882352,10:0.9999764705882352,11:0.9999764705882352,12:0.9999764705882352,13:0.9853176470588233,14:0.9963717647058823,15:0.3308541176470588,
0:0.9926470588235294,1:0.9926470588235294,2:0.9999764705882352,3:0.9999764705882352,4:0.9999764705882352,5:0.9999764705882352,6:0.9999764705882352,7:0.9999764705882352,8:0.9999764705882352,9:0.9999764705882352,10:0.9999764705882352,11:0.9999764705882352,12:0.9999764705882352,13:0.9999764705882352,14:0.9999529411764707,15:0.9999529411764707,16:0.9975058823529412,17:0.97168,18:0.9558823529411765,19:0.8823529411764706,20:0.8823529411764706,21:0.8823529411764706,22:0.4265176470588235,
0:0.9987529411764706,1:0.9925176470588237,4:0.9995976470588237,2:0.9946094117647062,3:0.9946094117647062,5:0.9999764705882352,6:0.9999764705882352,7:0.9999764705882352,8:0.9999764705882352,9:0.9999764705882352,10:0.985435294117647,11:0.9824705882352944,12:0.9912470588235296,13:0.9897411764705883,14:0.49263294117647066,
0:0.9999976470588235,1:0.9933820000000001,3:0.9921058823529412,2:0.9910329411764703,4:0.9999717647058824,5:0.9999764705882352,6:0.9999764705882352,7:0.9999764705882352,8:0.9999764705882352,9:0.9999764705882352,10:0.9999764705882352,11:0.9928211764705882,12:0.9997411764705882,13:0.9825835294117645,14:0.06613411764705883,
0:0.9999976470588235,1:0.9999976470588235,2:0.9999952941176471,3:0.9999952941176471,4:0.9852941176470589,5:0.9852941176470589,6:0.99268,7:1.0,8:0.9999529411764707,9:0.9999764705882352,10:0.9999764705882352,11:0.9999764705882352,12:0.9999764705882352,13:0.9999764705882352,14:0.985435294117647,15:0.9999529411764705,16:0.9875058823529412,17:0.33522352941176475,
0:0.9999764705882352,1:0.9999011764705883,8:0.9852000000000001,9:0.9852941176470589,2:0.9998117647058824,3:0.9998117647058824,4:0.9998117647058824,5:0.9998117647058824,6:0.9998117647058824,7:0.9998117647058824,10:0.9781176470588235,11:0.9999529411764707,12:0.9998117647058824,13:0.9998117647058824,14:0.9974117647058826,15:0.9999764705882352,16:0.985435294117647,17:0.9998117647058823,18:0.9788705882352942,19:0.27498117647058823,
0:0.995586823529412,1:0.9926470588235294,2:0.9999764705882352,3:0.9999764705882352,5:0.9854352941176471,4:0.9853176470588235,6:0.9999529411764707,7:0.9999764705882352,8:0.9999764705882352,9:0.9999764705882352,10:0.9999764705882352,11:0.9707764705882352,12:0.9998588235294116,13:0.9751764705882355,14:0.9828000000000001,15:0.05882352941176471,
0:0.994875411764706,1:0.999774117647059,2:0.9999764705882352,3:0.9999764705882352,4:0.9999764705882352,5:0.9853176470588235,6:0.9927035294117647,7:0.9974117647058823,8:0.5396917647058823,
1:0.9999764705882352,0:0.9926470588235294,2:0.9999529411764705,3:0.9925858823529411,4:0.9925858823529411,5:0.9705411764705881,6:0.9999764705882352,7:0.9852000000000001,8:0.9999764705882352,9:0.9999764705882352,10:0.9999764705882352,11:0.9999764705882352,12:0.9999764705882352,13:0.9999764705882352,14:0.9999764705882352,15:0.9999764705882352,16:0.9999764705882352,17:0.9999764705882352,18:0.9910823529411764,19:0.13228235294117646,
0:0.9926470588235294,1:0.9926470588235294,2:0.9852941176470589,3:0.9852941176470589,4:0.9795529411764706,5:0.9999764705882352,6:0.9999764705882352,7:0.9999764705882352,8:0.9999764705882352,9:0.9999764705882352,10:0.9853176470588235,11:0.9974823529411766,12:0.9975058823529412,13:0.694152941176471,
0:0.9999976470588235,1:0.9987254117647058,2:0.9996870588235292,3:0.9999764705882352,4:0.9999764705882352,5:0.9999764705882352,6:0.9999764705882352,7:0.9927764705882353,8:0.9929882352941178,9:0.41159529411764695,
1:0.9994149411764709,0:0.9992800000000001,2:0.9880896470588237,3:0.9999764705882352,4:0.9999764705882352,5:0.9999764705882352,6:0.9999764705882352,7:0.9928211764705882,8:0.9974117647058822,9:0.9999529411764705,10:0.8381458823529412,
0:0.9999976470588235,1:0.9999976470588235,2:0.9999905882352941,3:0.9999764705882352,4:0.9999764705882352,5:0.9999764705882352,6:0.9999764705882352,7:0.9999764705882352,8:0.9999764705882352,9:0.9999764705882352,10:0.9999764705882352,11:0.9999764705882352,12:0.9853176470588235,13:0.9999764705882352,14:0.9999764705882352,15:0.9999764705882352,16:0.9975058823529412,17:0.9975058823529412,18:0.9975058823529412,19:0.9975058823529412,20:0.9928,21:0.9999435294117649,22:0.9631882352941177,23:0.8823529411764706,24:0.8823529411764706,25:0.8823529411764706,26:0.8823529411764706,27:0.8823529411764706,28:0.8823529411764706,29:0.8823529411764706,30:0.985435294117647,31:0.720635294117647,32:0.5882352941176471,33:0.5882352941176471,
1:0.9998823529411767,0:0.9984989411764708,4:0.9999764705882352,2:0.9998776470588234,3:0.9926588235294117,5:0.9853882352941177,6:0.9999811764705884,7:0.9999529411764707,8:0.9999764705882352,9:0.9999764705882352,10:0.9999764705882352,11:0.9999764705882352,12:0.9999764705882352,13:0.9854352941176469,14:0.9998823529411763,15:0.9924,16:0.669014117647059,
0:0.9999976470588235,1:0.9999976470588235,2:0.9999764705882352,3:0.9999764705882352,4:0.9999764705882352,5:0.9999764705882352,6:0.9999764705882352,7:0.9913835294117647,8:0.9999764705882352,9:0.9999764705882352,10:0.9999764705882352,11:0.9999764705882352,12:0.9999764705882352,13:0.9999764705882352,14:0.9976235294117646,15:0.9950352941176472,16:0.15437411764705886,
0:0.9999976470588235,1:0.9999976470588235,2:0.9999764705882352,3:0.9999764705882352,5:0.9999717647058824,4:0.9999952941176471,6:0.9925811764705883,7:0.9999764705882352,8:0.9999764705882352,9:0.9999764705882352,10:0.9999764705882352,11:0.9999764705882352,12:0.9999764705882352,13:0.9999764705882352,14:0.9975717647058823,15:0.9954305882352943,16:0.3307835294117647,
0:0.9999976470588235,1:0.9993554117647057,2:0.991220705882353,3:0.9999764705882352,4:0.9999764705882352,5:0.9999764705882352,6:0.9999764705882352,7:0.9999764705882352,8:0.9999764705882352,9:0.9972235294117645,10:0.9960658823529412,11:0.2941176470588235,
